Nro;TipoDoc;RUTProveedor;RazonSocial;Folio;FechaDocto;MontoExento;MontoNeto;MontoIVA;MontoTotal;ClavePDF;Glosa;uRut;uFolio;uFecha;uFechaVcto;uGlosa;Cuenta1;Debe1;Haber1;Cuenta2;Debe2;Haber2;Cuenta3;Debe3;Haber3
1;33;97.023.000-9;ITAU CORPBANCA;2817249;11-01-2026;0;13404;2547;15951;mox_15C018DD4F0CD5B5D72C03894F9BB4EBAE815A16;sss;97.023.000-9;2817249;11-01-2026;11-01-2026;Comision Multipay 2;11010101 - CAJA PESOS;100;0;11010201 - BANCO BBVA;0;100;;;
2;33;76.395.799-3;SOCIEDAD COMERCIAL CD SPA;731;27-01-2026;0;245000;46550;291550;mox_18B30A266F7F4B50F6D2EBB7B1809FD9BDE03D3C;;;;;;;;;;;;;;;
3;33;97.023.000-9;ITAU CORPBANCA;2815011;29-01-2026;0;26823;5096;31919;mox_CE8685A18F1A7629629CBC7DC39693B7CDD9A4B7;sss;97.023.000-9;2815011;29-01-2026;29-01-2026;sss;11010101 - CAJA PESOS;100;0;11010201 - BANCO BBVA;0;100;;;
4;33;78.701.740-1;WURTH CHILE LIMITADA;797557;29-01-2026;0;19272;3662;22934;mox_DE2D30CE4858D36299CD65A6263BB8FFE458A844;;;;;;;;;;;;;;;
5;33;97.004.000-5;BANCO DE CHILE;23677427;30-01-2026;0;80472;15290;95762;mox_F1EA11E71A70FD747A7280FD6CEB57F2712125C6;;;;;;;;;;;;;;;
6;33;76.449.122-K;KUPAL INVERSIONES LIMITADA;32;30-01-2026;0;9430000;1791700;11221700;mox_00C3232AC408472F2BA7F9182884E2A4D5B09974;;;;;;;;;;;;;;;
7;33;97.004.000-5;BANCO DE CHILE;23701284;30-01-2026;0;42874;8146;51020;mox_38E0AE78C3E9C707DB1E4A40153EAA4B84789A9E;;;;;;;;;;;;;;;
8;34;77.656.800-7;SOC DE INVERSIONES EN INFRAESTRUCTURA S A;26841;30-01-2026;4875000;0;0;4875000;mox_20A3624884893BC2BE60FEDB27ED674837D08AFD;;;;;;;;;;;;;;;
9;34;76.172.387-1;SOCIEDAD CONCESIONARIA VALLES DEL BIO BIO S.A;34624;31-01-2026;3209850;0;0;3209850;mox_F241C92505594FCEA4236C02B1ECC5EED9564502;;;;;;;;;;;;;;;
10;33;96.727.880-7;SERVICIOS TECNICOS MOTRICES S A;3650;31-01-2026;0;1868592;355032;2223624;mox_CF547E1C8CC8DC9D60B3B3FC9EABFADF6C9A29D9;;96.727.880-7;3650;31-01-2026;31-01-2026;jj;11010101 - CAJA PESOS;100;0;11010201 - BANCO BBVA;0;100;;;
11;33;94.623.000-6;SODEXO CHILE S A;237558;31-01-2026;0;2980414;566279;3546693;mox_10BE253FABF6AE6DA327089BB41275BCBF935A33;;94.623.000-6;237558;31-01-2026;02-03-2026;Almuerzos2;61010306 - ALIMENTACION PERSONAL;2.980.414;0;11090101 - IVA CREDITO FISCAL;566.279;0;21011301 - PROVEEDORES;0;3.546.693
12;61;76.129.788-0;SOCIEDAD COMERCIAL KATTY LIMITADA;207;31-01-2026;0;69330;13173;82503;mox_47AD6D0B24CC696BA1E98EE77D4CE66BF8E99CE7;;;;;;;;;;;;;;;
13;33;76.150.707-9;SERVICIOS CLEANFOSAS LIMITADA;1305;31-01-2026;0;450000;85500;535500;mox_38D33482EF085BF76E9A0024040A1158774D789A;;;;;;;;;;;;;;;
14;33;94.623.000-6;SODEXO CHILE S A;232704;31-01-2026;0;1161894;220760;1382654;mox_F612E06CE311FEE27BD45BBCCDF11B4B1698ED9F;;;;;;;;;;;;;;;
15;33;61.704.000-K;CORP NACIONAL DEL COBRE DE CHILE;1004420;31-01-2026;0;40097;7618;47715;mox_2FD84B02CF19E6E68535CCA87D4BD80FA46725A2;;;;;;;;;;;;;;;
16;33;76.139.803-2;CONSORCIO AEROPORTUARIO DE CALAMA S.A. SOCIEDAD CO;6546;31-01-2026;0;375549;71354;446903;mox_DE069D99626C493DDC0B0B592B3221BCE7E714C9;;;;;;;;;;;;;;;
17;33;76.139.803-2;CONSORCIO AEROPORTUARIO DE CALAMA S.A. SOCIEDAD CO;6545;31-01-2026;0;110000;20900;130900;mox_D2294493FE58D55885520B2F2707CFE8284C0E73;;;;;;;;;;;;;;;
18;34;76.410.180-4;MUTUAL DE SEGURIDAD CAPACITACION S A;43027;31-01-2026;53900;0;0;53900;mox_DB2AFAED7E8C4D814F3C660EA34947C1295ACB2D;;;;;;;;;;;;;;;
19;33;94.623.000-6;SODEXO CHILE S A;239404;31-01-2026;0;16443866;3124335;19568201;mox_BD5F2EE2E70CCAE8A8697ADF1D7FD3931E55C8D3;;;;;;;;;;;;;;;
20;33;85.896.100-9;SERVICIOS EQUIFAX CHILE LIMITADA;1988913;31-01-2026;0;80475;15290;95765;mox_566A09EE4702191F8120DCA906E9E2CAFEF50D95;;;;;;;;;;;;;;;
21;33;77.991.330-9;REVISIONES GUAYACAN LIMITADA;69541;31-01-2026;0;83487;15863;99350;mox_BA2AEF1086A156247DD68A7763F5BBB62892EE12;;;;;;;;;;;;;;;
22;33;5.389.940-4;MERCEDES AMELIA AMESTICA FIGUEROA;1095;31-01-2026;0;231090;43907;274997;mox_DB9379A9C517B61EC033A5CF8BEE0EFDEC4DDA88;;;;;;;;;;;;;;;
23;33;96.796.890-0;REVISIONES TECNICAS REVTEC S A;7449;31-01-2026;0;314706;59794;374500;mox_A061CE37A2870FB1F25B2779597B731760CCA05E;;;;;;;;;;;;;;;
24;33;9.451.786-9;CARLOS HERNAN MONROY FUENTES;1054;31-01-2026;0;392400;74556;466956;mox_EEB7424906B2212685D60D47AF7AE2A064944D3E;;;;;;;;;;;;;;;
25;33;94.623.000-6;SODEXO CHILE S A;232944;31-01-2026;0;196014;37243;233257;mox_B88236BA799BF8F6CBA9438A024680F8916AA309;;;;;;;;;;;;;;;
26;33;97.023.000-9;ITAU CORPBANCA;2819940;31-01-2026;0;53646;10193;63839;mox_FCCF366A02BC45778DEA324B26B84508471CC338;;;;;;;;;;;;;;;
27;56;76.574.810-0;SCANIA FINANCE CHILE S.A.;48120;31-01-2026;0;329681;62639;392320;mox_A6C077790084282BEE6A7914940678B86255C801;;;;;;;;;;;;;;;
28;56;76.574.810-0;SCANIA FINANCE CHILE S.A.;48064;31-01-2026;0;64134;12186;76320;mox_1621E6FC77FA223CBAC2F5163EAD0D037D140566;;;;;;;;;;;;;;;
29;56;76.574.810-0;SCANIA FINANCE CHILE S.A.;47951;31-01-2026;0;27950;5310;33260;mox_8D61A2ED917CB35573097914DE897653543F51E7;;;;;;;;;;;;;;;
30;56;76.574.810-0;SCANIA FINANCE CHILE S.A.;47927;31-01-2026;0;26701;5073;31774;mox_73C34F4B22CE91E0E8E5ACEF1C22E0E6329E44B1;;;;;;;;;;;;;;;
31;56;76.574.810-0;SCANIA FINANCE CHILE S.A.;48049;31-01-2026;0;40956;7782;48738;mox_23DDB7E704565C63F74CA55C70F7F85301A895BE;;;;;;;;;;;;;;;
32;56;76.574.810-0;SCANIA FINANCE CHILE S.A.;48030;31-01-2026;0;64134;12186;76320;mox_2E298750CEFEDC9E149D5B2B05D6A1338213E760;;;;;;;;;;;;;;;
33;56;76.574.810-0;SCANIA FINANCE CHILE S.A.;48034;31-01-2026;0;64134;12186;76320;mox_F520575FD89637D6ECBA3A75F0BD17792D9CCF81;;;;;;;;;;;;;;;
34;56;76.574.810-0;SCANIA FINANCE CHILE S.A.;48044;31-01-2026;0;64134;12186;76320;mox_B0F01409D9BB43DEA23F9CBC6CFBA7C08E0A2B87;;;;;;;;;;;;;;;
35;56;76.574.810-0;SCANIA FINANCE CHILE S.A.;48043;31-01-2026;0;38548;7324;45872;mox_3462FBC889D463D2F76332E6B5205ED3A02FB0D8;;;;;;;;;;;;;;;
36;56;76.574.810-0;SCANIA FINANCE CHILE S.A.;48123;31-01-2026;0;252124;47904;300028;mox_A9B304CEB6E90C264CB0B086DF05B3FB4EEA6365;;;;;;;;;;;;;;;
37;56;76.574.810-0;SCANIA FINANCE CHILE S.A.;47944;31-01-2026;0;42420;8060;50480;mox_E3D6C46CE0810301B65BE6C2F1F8441E76101AA0;;;;;;;;;;;;;;;
38;56;76.574.810-0;SCANIA FINANCE CHILE S.A.;48124;31-01-2026;0;252124;47904;300028;mox_777FD212ECA258C27317890E85E3FCB04224F613;;;;;;;;;;;;;;;
39;56;76.574.810-0;SCANIA FINANCE CHILE S.A.;47926;31-01-2026;0;42315;8040;50355;mox_A5F545CCCB2A97F88840954F33E12489790DAB1F;;;;;;;;;;;;;;;
40;56;76.574.810-0;SCANIA FINANCE CHILE S.A.;48121;31-01-2026;0;352830;67038;419868;mox_8E72F31BB61E05B45E732476B3DAD2D4EFB05AE3;;;;;;;;;;;;;;;
41;56;76.574.810-0;SCANIA FINANCE CHILE S.A.;48039;31-01-2026;0;38548;7324;45872;mox_D8533DF0C41DB6A7D1639BC690C0635409F9BF46;;;;;;;;;;;;;;;
42;56;76.574.810-0;SCANIA FINANCE CHILE S.A.;48053;31-01-2026;0;40956;7782;48738;mox_AEF9B8C7F9F90A4B0DB951562897774EC121BB2E;;;;;;;;;;;;;;;
43;56;76.574.810-0;SCANIA FINANCE CHILE S.A.;48000;31-01-2026;0;51637;9811;61448;mox_86653CCE83D5C0278A8986907AB05B3DC8F4BCF6;;;;;;;;;;;;;;;
44;56;76.574.810-0;SCANIA FINANCE CHILE S.A.;47981;31-01-2026;0;16809;3194;20003;mox_C77C0D180C070F5395657EC6A9B57AE185A8DBAC;;;;;;;;;;;;;;;
45;56;76.574.810-0;SCANIA FINANCE CHILE S.A.;48050;31-01-2026;0;64134;12186;76320;mox_8381FF91DBC50B3624A47F81FD55DDFF524D5964;;;;;;;;;;;;;;;
46;56;76.574.810-0;SCANIA FINANCE CHILE S.A.;48006;31-01-2026;0;60140;11427;71567;mox_1838772E744845D8B9834F605CFA86C74146582A;;;;;;;;;;;;;;;
47;56;76.574.810-0;SCANIA FINANCE CHILE S.A.;48055;31-01-2026;0;40956;7782;48738;mox_26D6974E16DCFAD0A5CDA96E8BEE986328321C58;;;;;;;;;;;;;;;
48;56;76.574.810-0;SCANIA FINANCE CHILE S.A.;47977;31-01-2026;0;16809;3194;20003;mox_8D1E30874282BBACB2BE06D3DE0B675846BD89C0;;;;;;;;;;;;;;;
49;56;76.574.810-0;SCANIA FINANCE CHILE S.A.;47986;31-01-2026;0;51637;9811;61448;mox_001F0708AEBDD271A8F5966CB97239F536403630;;;;;;;;;;;;;;;
50;56;76.574.810-0;SCANIA FINANCE CHILE S.A.;48036;31-01-2026;0;64134;12186;76320;mox_C53E8F526A31E7A85D6D49DEE7992BD3EEDE3796;;;;;;;;;;;;;;;
51;56;76.574.810-0;SCANIA FINANCE CHILE S.A.;48016;31-01-2026;0;60140;11427;71567;mox_026416CE40FB3EAB2244BF89DA231C2E2AA8ED79;;;;;;;;;;;;;;;
52;56;76.574.810-0;SCANIA FINANCE CHILE S.A.;47985;31-01-2026;0;33291;6325;39616;mox_314B148290C278452992DA9238660EE610015491;;;;;;;;;;;;;;;
53;56;76.574.810-0;SCANIA FINANCE CHILE S.A.;48082;31-01-2026;0;272568;51788;324356;mox_371185B69C8B3B4951FDFD579F8B3BCD1E472083;;;;;;;;;;;;;;;
54;56;76.574.810-0;SCANIA FINANCE CHILE S.A.;48058;31-01-2026;0;64134;12186;76320;mox_AA0355D91468B9D2F7D3741F748C2CB4DA3EE04C;;;;;;;;;;;;;;;
55;56;76.574.810-0;SCANIA FINANCE CHILE S.A.;48007;31-01-2026;0;38548;7324;45872;mox_7D57E24A3AC1BD7569CA1B04831A2C11E589729B;;;;;;;;;;;;;;;
56;56;76.574.810-0;SCANIA FINANCE CHILE S.A.;47998;31-01-2026;0;51637;9811;61448;mox_9D5528DD703DA8933CEC2F45B4B0EA4870112463;;;;;;;;;;;;;;;
57;56;76.574.810-0;SCANIA FINANCE CHILE S.A.;47982;31-01-2026;0;26637;5061;31698;mox_3629C6E020FD4F0A45BDBCAD07A427704252E864;;;;;;;;;;;;;;;
58;56;76.574.810-0;SCANIA FINANCE CHILE S.A.;48093;31-01-2026;0;87988;16718;104706;mox_49293BD405465FFDEB6DC8DDC6627BDB7C6BCB8C;;;;;;;;;;;;;;;
59;56;76.574.810-0;SCANIA FINANCE CHILE S.A.;48038;31-01-2026;0;64134;12186;76320;mox_B1D6D50C93955E2304EF672CA227BFB924CFFE38;;;;;;;;;;;;;;;
60;56;76.574.810-0;SCANIA FINANCE CHILE S.A.;47988;31-01-2026;0;51637;9811;61448;mox_5A47E8BA57AF07BF2421A815968FF5458F51F57E;;;;;;;;;;;;;;;
61;56;76.574.810-0;SCANIA FINANCE CHILE S.A.;47997;31-01-2026;0;33291;6325;39616;mox_3C78FA26CC658E0F989B600C2C4508F99D1886F3;;;;;;;;;;;;;;;
62;56;76.574.810-0;SCANIA FINANCE CHILE S.A.;47952;31-01-2026;0;42446;8065;50511;mox_AFC6D2FB86AAAB5690967388AB77792A8D964A12;;;;;;;;;;;;;;;
63;56;76.574.810-0;SCANIA FINANCE CHILE S.A.;48051;31-01-2026;0;40956;7782;48738;mox_83038546FC13F8215FFEE4712EED299D64398104;;;;;;;;;;;;;;;
64;56;76.574.810-0;SCANIA FINANCE CHILE S.A.;48086;31-01-2026;0;133265;25320;158585;mox_9F82D200ED2E35868723603FBD3ECFF10D5D4689;;;;;;;;;;;;;;;
65;56;76.574.810-0;SCANIA FINANCE CHILE S.A.;48002;31-01-2026;0;51637;9811;61448;mox_F17E6766CD16CBCF10690BDA196C39646660EB8C;;;;;;;;;;;;;;;
66;56;76.574.810-0;SCANIA FINANCE CHILE S.A.;48010;31-01-2026;0;60140;11427;71567;mox_C84D50EEB5E5B77C04529B9FC8B2778EB0378229;;;;;;;;;;;;;;;
67;56;76.574.810-0;SCANIA FINANCE CHILE S.A.;48056;31-01-2026;0;64134;12186;76320;mox_252E5316B7AC8395DB722DBD99466CC6EAA7BC56;;;;;;;;;;;;;;;
68;56;76.574.810-0;SCANIA FINANCE CHILE S.A.;48017;31-01-2026;0;38548;7324;45872;mox_B27155AC73CF8DC71F64BFD1BAC5C736C8A9899D;;;;;;;;;;;;;;;
69;56;76.574.810-0;SCANIA FINANCE CHILE S.A.;47983;31-01-2026;0;16809;3194;20003;mox_E8CF90B498344E54B4A10C14D5C48993D6EFBC52;;;;;;;;;;;;;;;
70;56;76.574.810-0;SCANIA FINANCE CHILE S.A.;48122;31-01-2026;0;352830;67038;419868;mox_8528F7211DB31BF01A22F6B6969B834BB8C1C7D2;;;;;;;;;;;;;;;
71;56;76.574.810-0;SCANIA FINANCE CHILE S.A.;47946;31-01-2026;0;42420;8060;50480;mox_6EC9DC3C473418E8CD74B4FECB95C6DC7FD4D7B7;;;;;;;;;;;;;;;
72;56;76.574.810-0;SCANIA FINANCE CHILE S.A.;48065;31-01-2026;0;42564;8087;50651;mox_30E8B628F7057A42595FFC7AC25EBEBD01CC789A;;;;;;;;;;;;;;;
73;56;76.574.810-0;SCANIA FINANCE CHILE S.A.;48081;31-01-2026;0;344533;65461;409994;mox_CBFD89DEBAE977C5A71B443B43E7B2F55CB6BAD5;;;;;;;;;;;;;;;
74;56;76.574.810-0;SCANIA FINANCE CHILE S.A.;47995;31-01-2026;0;33291;6325;39616;mox_1CB344C09A452FA81EEC8B362DF6D4DE2AA5AE72;;;;;;;;;;;;;;;
75;56;76.574.810-0;SCANIA FINANCE CHILE S.A.;47940;31-01-2026;0;42420;8060;50480;mox_2D06ADCB78A1DD373DC24DE325F033096DD2635C;;;;;;;;;;;;;;;
76;56;76.574.810-0;SCANIA FINANCE CHILE S.A.;47936;31-01-2026;0;42420;8060;50480;mox_11DC71852EF1008B5F515FC05751285861143E6C;;;;;;;;;;;;;;;
77;56;76.574.810-0;SCANIA FINANCE CHILE S.A.;47928;31-01-2026;0;42571;8088;50659;mox_9DF532252FA25B4106B20AA1BD3E95A2AB42E7DC;;;;;;;;;;;;;;;
78;56;76.574.810-0;SCANIA FINANCE CHILE S.A.;48119;31-01-2026;0;329681;62639;392320;mox_451509CB3C1538DD8276348AAAD29C5BEAB301A0;;;;;;;;;;;;;;;
79;56;76.574.810-0;SCANIA FINANCE CHILE S.A.;48020;31-01-2026;0;60140;11427;71567;mox_8F5CADC1985E54CA9CCE7DFC73AAF5D0110942BD;;;;;;;;;;;;;;;
80;56;76.574.810-0;SCANIA FINANCE CHILE S.A.;47937;31-01-2026;0;26768;5086;31854;mox_FD2DC8E676371223FA97B4C8284DF87924E075D0;;;;;;;;;;;;;;;
81;56;76.574.810-0;SCANIA FINANCE CHILE S.A.;48012;31-01-2026;0;60140;11427;71567;mox_8AD3DC5B3CF8C179820E25F0E4CC1A57E0C3110E;;;;;;;;;;;;;;;
82;56;76.574.810-0;SCANIA FINANCE CHILE S.A.;48061;31-01-2026;0;42564;8087;50651;mox_29642EA278580C6377A00A97418213D6162A864F;;;;;;;;;;;;;;;
83;56;76.574.810-0;SCANIA FINANCE CHILE S.A.;48054;31-01-2026;0;64134;12186;76320;mox_BF4E2E14681348910C5251DC0F28902CD2B91549;;;;;;;;;;;;;;;
84;56;76.574.810-0;SCANIA FINANCE CHILE S.A.;48003;31-01-2026;0;33291;6325;39616;mox_9D3E0821690C306FD2379FCFC90E6FE27D33EF30;;;;;;;;;;;;;;;
85;56;76.574.810-0;SCANIA FINANCE CHILE S.A.;48037;31-01-2026;0;38548;7324;45872;mox_729441BD27C18EE68B21FA15D1ABC6CC8F3EAFC6;;;;;;;;;;;;;;;
86;56;76.574.810-0;SCANIA FINANCE CHILE S.A.;47999;31-01-2026;0;33291;6325;39616;mox_9C0A5F5B86684BA09DE7323207BDA0A92D2C7924;;;;;;;;;;;;;;;
87;56;76.574.810-0;SCANIA FINANCE CHILE S.A.;48059;31-01-2026;0;42564;8087;50651;mox_720160FF2D68FD034F16DD6FA66C47061B37187C;;;;;;;;;;;;;;;
88;56;76.574.810-0;SCANIA FINANCE CHILE S.A.;48125;31-01-2026;0;252319;47941;300260;mox_742AA4D2A31A41DC7B06CF271967C69B7C4A8DC8;;;;;;;;;;;;;;;
89;56;76.574.810-0;SCANIA FINANCE CHILE S.A.;48083;31-01-2026;0;203303;38627;241930;mox_D63D86C62C4F19D88A4956519AE63B10BF1DCF9A;;;;;;;;;;;;;;;
90;56;76.574.810-0;SCANIA FINANCE CHILE S.A.;47987;31-01-2026;0;33291;6325;39616;mox_756A7F1D5DEA3FCC1D12925594397A79060D74C2;;;;;;;;;;;;;;;
91;56;76.574.810-0;SCANIA FINANCE CHILE S.A.;47933;31-01-2026;0;26861;5104;31965;mox_D60B38DAA0B4FC8FD671A0628F5E68BC3DBAD6AF;;;;;;;;;;;;;;;
92;56;76.574.810-0;SCANIA FINANCE CHILE S.A.;47991;31-01-2026;0;33291;6325;39616;mox_4F62C177E7757BABDD673FC0F4E232DE84EB76C9;;;;;;;;;;;;;;;
93;56;76.574.810-0;SCANIA FINANCE CHILE S.A.;48063;31-01-2026;0;42564;8087;50651;mox_0C3EB8BD91B2CAD57490CF62D9CC2D25A22699B5;;;;;;;;;;;;;;;
94;56;76.574.810-0;SCANIA FINANCE CHILE S.A.;48025;31-01-2026;0;38548;7324;45872;mox_FE94EF6620FC55D9C2F46C8B30C106008D2E65BE;;;;;;;;;;;;;;;
95;56;76.574.810-0;SCANIA FINANCE CHILE S.A.;47943;31-01-2026;0;26768;5086;31854;mox_704A0257C9D402421BD455DE9AE932386646D326;;;;;;;;;;;;;;;
96;56;76.574.810-0;SCANIA FINANCE CHILE S.A.;48031;31-01-2026;0;38548;7324;45872;mox_B3F616C31C8DE08F055FAE0DF3894ECFFB1FA244;;;;;;;;;;;;;;;
97;56;76.574.810-0;SCANIA FINANCE CHILE S.A.;47980;31-01-2026;0;26637;5061;31698;mox_12BA7D4CC1AC70F99174A0D41F352DC8AD46656E;;;;;;;;;;;;;;;
98;56;76.574.810-0;SCANIA FINANCE CHILE S.A.;48005;31-01-2026;0;1203371;228641;1432012;mox_B79D6738920EFA6139783C8DCC01FDC1DB13698C;;;;;;;;;;;;;;;
99;56;76.574.810-0;SCANIA FINANCE CHILE S.A.;48009;31-01-2026;0;38548;7324;45872;mox_911C052AF24A994D1C7607781F0478023D308AEE;;;;;;;;;;;;;;;
100;56;76.574.810-0;SCANIA FINANCE CHILE S.A.;47950;31-01-2026;0;42446;8065;50511;mox_E44AA9B4AE24B7CCD634334A99477FC7A3B51B35;;;;;;;;;;;;;;;
101;56;76.574.810-0;SCANIA FINANCE CHILE S.A.;48041;31-01-2026;0;38548;7324;45872;mox_CE28EA5919589CA225B655F2A45886B8209590AB;;;;;;;;;;;;;;;
102;56;76.574.810-0;SCANIA FINANCE CHILE S.A.;48008;31-01-2026;0;60140;11427;71567;mox_5E3F7BFDDE5B11197505EF6DDF9AE191FBCB8CCC;;;;;;;;;;;;;;;
103;56;76.574.810-0;SCANIA FINANCE CHILE S.A.;47938;31-01-2026;0;42420;8060;50480;mox_F210CA2838D06560456603B745391D49FC828ED0;;;;;;;;;;;;;;;
104;56;76.574.810-0;SCANIA FINANCE CHILE S.A.;48126;31-01-2026;0;258170;49052;307222;mox_4D1C3EEC9DA884274465AE1D2F92F4B706BEAF36;;;;;;;;;;;;;;;
105;56;76.574.810-0;SCANIA FINANCE CHILE S.A.;48052;31-01-2026;0;64134;12186;76320;mox_0CA911E3FBB286B096B161E0E83A6F04BD36EF8B;;;;;;;;;;;;;;;
106;56;76.574.810-0;SCANIA FINANCE CHILE S.A.;48019;31-01-2026;0;38548;7324;45872;mox_DA111B4F9F566F1F4D5E620EFB671F688C2169AD;;;;;;;;;;;;;;;
107;56;76.574.810-0;SCANIA FINANCE CHILE S.A.;48022;31-01-2026;0;60140;11427;71567;mox_D5518F624C2679A9AFAD8B94D7768187CAE747E4;;;;;;;;;;;;;;;
108;56;76.574.810-0;SCANIA FINANCE CHILE S.A.;47978;31-01-2026;0;26637;5061;31698;mox_976DCBB269EDAB93BAE821DA47F502794B90F22B;;;;;;;;;;;;;;;
109;56;76.574.810-0;SCANIA FINANCE CHILE S.A.;48001;31-01-2026;0;33291;6325;39616;mox_BBD3A5FD407023C087FBD0B49AA00A902FCCDED4;;;;;;;;;;;;;;;
110;56;76.574.810-0;SCANIA FINANCE CHILE S.A.;48023;31-01-2026;0;38548;7324;45872;mox_2BAC9D8BF626DFC0D62D21EAE3B7A859FAF56A65;;;;;;;;;;;;;;;
111;56;76.574.810-0;SCANIA FINANCE CHILE S.A.;47975;31-01-2026;0;16809;3194;20003;mox_EF89E32CA19835EE57ECEAE19D4934D32825F735;;;;;;;;;;;;;;;
112;56;76.574.810-0;SCANIA FINANCE CHILE S.A.;47984;31-01-2026;0;51637;9811;61448;mox_64025BFAA530A2DB8172041E9603A710DDF41DE6;;;;;;;;;;;;;;;
113;56;76.574.810-0;SCANIA FINANCE CHILE S.A.;47979;31-01-2026;0;16809;3194;20003;mox_A2A35D472B02FE29F49D37BB40C9DB2748336CFD;;;;;;;;;;;;;;;
114;56;76.574.810-0;SCANIA FINANCE CHILE S.A.;47947;31-01-2026;0;27932;5307;33239;mox_AA00422396A827FC42366C0D8D510B3495097F0D;;;;;;;;;;;;;;;
115;56;76.574.810-0;SCANIA FINANCE CHILE S.A.;48042;31-01-2026;0;64134;12186;76320;mox_6F2F14F5450DDB3D334184BF15E4978639CE6028;;;;;;;;;;;;;;;
116;56;76.574.810-0;SCANIA FINANCE CHILE S.A.;47953;31-01-2026;0;27950;5310;33260;mox_472033707057EB6D5E54E3DDEBF4DAE35ECC90FD;;;;;;;;;;;;;;;
117;56;76.574.810-0;SCANIA FINANCE CHILE S.A.;47948;31-01-2026;0;42420;8060;50480;mox_0BAB1FB37225354CAE5838328737569AC7887626;;;;;;;;;;;;;;;
118;56;76.574.810-0;SCANIA FINANCE CHILE S.A.;48032;31-01-2026;0;64134;12186;76320;mox_1B8370B17F19FD4DEFAF7F789AEADC6A09CC8D19;;;;;;;;;;;;;;;
119;56;76.574.810-0;SCANIA FINANCE CHILE S.A.;48015;31-01-2026;0;38548;7324;45872;mox_8E7EBA36153ACC38949F8361A76E718A941C63C0;;;;;;;;;;;;;;;
120;56;76.574.810-0;SCANIA FINANCE CHILE S.A.;47929;31-01-2026;0;26861;5104;31965;mox_4565A9CCC8B0CCA7F9BAF2623F19787DCE424FC4;;;;;;;;;;;;;;;
121;56;76.574.810-0;SCANIA FINANCE CHILE S.A.;47931;31-01-2026;0;26861;5104;31965;mox_48B967D4B9D05628B448415B74C6C664F2532F6B;;;;;;;;;;;;;;;
122;56;76.574.810-0;SCANIA FINANCE CHILE S.A.;47994;31-01-2026;0;51637;9811;61448;mox_6A6955DC053BD2FDADD8784D7061CD180EC83D40;;;;;;;;;;;;;;;
123;56;76.574.810-0;SCANIA FINANCE CHILE S.A.;47972;31-01-2026;0;26637;5061;31698;mox_F26F937E0CB1C6C6CFCA3C4E269C1DB66E97ECDD;;;;;;;;;;;;;;;
124;56;76.574.810-0;SCANIA FINANCE CHILE S.A.;47930;31-01-2026;0;42571;8088;50659;mox_5A72F55BEB2C346E9AF55ED5E1BFCAEC07BE914C;;;;;;;;;;;;;;;
125;56;76.574.810-0;SCANIA FINANCE CHILE S.A.;47993;31-01-2026;0;33291;6325;39616;mox_BBA2F92BAF1818A9C66688B41AF997EA746AEA41;;;;;;;;;;;;;;;
126;56;76.574.810-0;SCANIA FINANCE CHILE S.A.;48021;31-01-2026;0;38548;7324;45872;mox_AE53A2D5F8BA8B48C58C33DF5B5A5AD25407F8DD;;;;;;;;;;;;;;;
127;56;76.574.810-0;SCANIA FINANCE CHILE S.A.;48045;31-01-2026;0;38548;7324;45872;mox_658F68D0208B3F6345085A6976294D23BF29763C;;;;;;;;;;;;;;;
128;56;76.574.810-0;SCANIA FINANCE CHILE S.A.;48035;31-01-2026;0;38548;7324;45872;mox_F06F8DD049F8D05F1E3A5C7AFF447AFEEAD082CC;;;;;;;;;;;;;;;
129;56;76.574.810-0;SCANIA FINANCE CHILE S.A.;48028;31-01-2026;0;64134;12186;76320;mox_CAC8740A86BAD04B22A3A5C2FA04E83FA4E6A238;;;;;;;;;;;;;;;
130;56;76.574.810-0;SCANIA FINANCE CHILE S.A.;47935;31-01-2026;0;26768;5086;31854;mox_8D6C1BB265C81F622F4E725EFDFC9413BCC1D9C0;;;;;;;;;;;;;;;
131;56;76.574.810-0;SCANIA FINANCE CHILE S.A.;48057;31-01-2026;0;42564;8087;50651;mox_AAE354B83AC2353A5C1DA068E253A1907556E8CC;;;;;;;;;;;;;;;
132;56;76.574.810-0;SCANIA FINANCE CHILE S.A.;48018;31-01-2026;0;60140;11427;71567;mox_67DC81AB917927333C39EA5FB43639CDC4D112FB;;;;;;;;;;;;;;;
133;56;76.574.810-0;SCANIA FINANCE CHILE S.A.;48046;31-01-2026;0;64134;12186;76320;mox_86B6152626036BF9DCE25A23ED6738AB52119477;;;;;;;;;;;;;;;
134;56;76.574.810-0;SCANIA FINANCE CHILE S.A.;47976;31-01-2026;0;26637;5061;31698;mox_6A0DBC04765C80CBEF6D1DBAE11F8B8D6727BEDA;;;;;;;;;;;;;;;
135;56;76.574.810-0;SCANIA FINANCE CHILE S.A.;48014;31-01-2026;0;60140;11427;71567;mox_0F907BF52217E31D00E2E11C0A2586AB317D8B89;;;;;;;;;;;;;;;
136;33;96.941.960-2;GPS CHILE SPA;242195;31-01-2026;0;31921;6065;37986;mox_E8E136DAEEE3D4736DE47D162ED0CC17850C769D;;;;;;;;;;;;;;;
137;33;76.307.553-2;BK SPA;22814;31-01-2026;0;4609942;875889;5485831;mox_1147AFEC40A139C94A69F386625AAF3EF9316348;;;;;;;;;;;;;;;
138;33;76.307.553-2;BK SPA;22831;31-01-2026;0;4883953;927951;5811904;mox_D7AC32C253C1BAA2564C3128DD8772B1AAED18A5;;;;;;;;;;;;;;;
139;33;76.307.553-2;BK SPA;22813;31-01-2026;0;16031119;3045913;19077032;mox_1DCD7F6CA2D39CC17AD0960FA455552A074351A5;;;;;;;;;;;;;;;
140;33;76.307.553-2;BK SPA;22816;31-01-2026;0;4609942;875889;5485831;mox_67293642230B227587F0DAF3C70F1221A2E5AA5E;;;;;;;;;;;;;;;
141;33;76.307.553-2;BK SPA;22830;31-01-2026;0;4883953;927951;5811904;mox_1F9CC63B896FBD2FEC17AC837D1D3CCD7AA48114;;;;;;;;;;;;;;;
142;33;76.307.553-2;BK SPA;22817;31-01-2026;0;4887317;928590;5815907;mox_CA594EB2905A5802EEED4C8FE9C852ECFCB11CD4;;;;;;;;;;;;;;;
143;33;76.307.553-2;BK SPA;22832;31-01-2026;0;7835152;1488679;9323831;mox_36B9086499A438A35455CA2C4EC75625B9D9A53F;;;;;;;;;;;;;;;
144;33;76.307.553-2;BK SPA;22818;31-01-2026;0;4887317;928590;5815907;mox_268A9F52DEE17199BA25CD9047A11F16B7082DBA;;;;;;;;;;;;;;;
145;33;76.307.553-2;BK SPA;22833;31-01-2026;0;2303303;437628;2740931;mox_5D6BD8EDC9E5CC0219F580E3841B3BB310820E19;;;;;;;;;;;;;;;
146;33;76.307.553-2;BK SPA;22815;31-01-2026;0;4609942;875889;5485831;mox_C31563A9E38AEBA4B3C60FD2284A7514884DD016;;;;;;;;;;;;;;;
147;33;97.006.000-6;BANCO DE CREDITO E INVERSIONES;15955107;31-01-2026;0;39433;7492;46925;mox_274CD6F0DB83A35709B159729D5CDE17BA229FC7;;;;;;;;;;;;;;;
148;56;76.574.810-0;SCANIA FINANCE CHILE S.A.;48027;31-01-2026;0;38337;7284;45621;mox_17F264EF2CC3F0FFC59A4DF9B2F440553123E46C;;;;;;;;;;;;;;;
149;56;76.574.810-0;SCANIA FINANCE CHILE S.A.;48048;31-01-2026;0;64134;12186;76320;mox_98C81DF78841C6777AE9E1AD7957B9D3F91B500F;;;;;;;;;;;;;;;
150;33;97.018.000-1;SCOTIABANK CHILE;5229136;31-01-2026;0;12500;2375;14875;mox_7951CFA0C1C25822663634ACDB8D86968F68F23E;;;;;;;;;;;;;;;
151;56;76.574.810-0;SCANIA FINANCE CHILE S.A.;47939;31-01-2026;0;26768;5086;31854;mox_7DB5D07BA26EB34F118AE63BC124BEBB04FBB9E0;;;;;;;;;;;;;;;
152;56;76.574.810-0;SCANIA FINANCE CHILE S.A.;47990;31-01-2026;0;51637;9811;61448;mox_0D3228E16FF9B0FCF26979C5F92C2CA1427A1EE4;;;;;;;;;;;;;;;
153;34;96.875.230-8;RUTA DEL MAIPO SOCIEDAD CONCESIONARIA S.A.;2328218;31-01-2026;18500112;0;0;18500112;mox_3542CAA4A89D8C659684ABCBC136266A554E67C0;;;;;;;;;;;;;;;
154;56;76.574.810-0;SCANIA FINANCE CHILE S.A.;48080;31-01-2026;0;340676;64729;405405;mox_1B8219DEC34A6F600AFD7087027D3BED4D541AC7;;;;;;;;;;;;;;;
155;56;76.574.810-0;SCANIA FINANCE CHILE S.A.;47941;31-01-2026;0;26768;5086;31854;mox_E56CAA50DF9E0567BEC0A741F6E612380F00D5CE;;;;;;;;;;;;;;;
156;33;12.946.591-3;RUTH ESTER NAVEA ACEVEDO;55;31-01-2026;0;246078;46755;292833;mox_BF9B1EAA647E81B156F523947B7E1DA0AC491422;;;;;;;;;;;;;;;
157;33;78.128.610-9;SOC DE TRANSPORTES CHARRIOT LIMITADA;16344;31-01-2026;0;759146;144238;903384;mox_91F67DFAAFD0B1774BDDAE6B90CB14B6EE1C3DC4;;;;;;;;;;;;;;;
158;33;78.128.610-9;SOC DE TRANSPORTES CHARRIOT LIMITADA;16345;31-01-2026;0;1966905;373712;2340617;mox_4A90752A374C1373F10954A25F1FBFC1A4456F5F;;;;;;;;;;;;;;;
159;56;76.574.810-0;SCANIA FINANCE CHILE S.A.;48085;31-01-2026;0;203303;38627;241930;mox_60D292C96A58B5251E3B6C5EFFCB4227350FC2EC;;;;;;;;;;;;;;;
160;56;76.574.810-0;SCANIA FINANCE CHILE S.A.;48026;31-01-2026;0;63782;12118;75900;mox_07F9AD7704F36E32787D029475644AB7AD58904E;;;;;;;;;;;;;;;
161;33;12.946.591-3;RUTH ESTER NAVEA ACEVEDO;57;31-01-2026;0;236502;44935;281437;mox_6033B282A2DAF7B59AFE13B4F6A08E9272F2281F;;;;;;;;;;;;;;;
162;33;96.729.820-4;ECOSER S A;46087;31-01-2026;0;419692;79741;499433;mox_049228764405ED65F72C090E8AAE9DDD6165E3EF;;;;;;;;;;;;;;;
163;33;11.728.016-0;MARIA VERONICA RAMIREZ RAMIREZ;4;31-01-2026;0;202331;38443;240774;mox_A429F59E53B9E1B74CB65EF83E65F19B517065AB;;;;;;;;;;;;;;;
164;56;76.574.810-0;SCANIA FINANCE CHILE S.A.;47942;31-01-2026;0;42420;8060;50480;mox_088EFB168D397159726009EB88D3E983EEDBB1B9;;;;;;;;;;;;;;;
165;56;76.574.810-0;SCANIA FINANCE CHILE S.A.;47949;31-01-2026;0;27932;5307;33239;mox_7ED7764AF3D51892661E2F3A4989D071950C6B7E;;;;;;;;;;;;;;;
166;56;76.574.810-0;SCANIA FINANCE CHILE S.A.;47989;31-01-2026;0;33291;6325;39616;mox_669C3314ABBE59E4EBD9F7BF9884018D33718540;;;;;;;;;;;;;;;
167;56;76.574.810-0;SCANIA FINANCE CHILE S.A.;47992;31-01-2026;0;51637;9811;61448;mox_A3051C4FF6629A403771C7D3ADE4679305B841C3;;;;;;;;;;;;;;;
168;56;76.574.810-0;SCANIA FINANCE CHILE S.A.;48062;31-01-2026;0;64134;12186;76320;mox_8916AAF10E6E7D4684EAD2E246A9D264A1ADD5E0;;;;;;;;;;;;;;;
169;56;76.574.810-0;SCANIA FINANCE CHILE S.A.;47996;31-01-2026;0;51637;9811;61448;mox_0491D0357CB807FF2C7B1ACF409A248C7D6B4451;;;;;;;;;;;;;;;
170;56;76.574.810-0;SCANIA FINANCE CHILE S.A.;48092;31-01-2026;0;134230;25504;159734;mox_78291CC840961F8A65F5CDD1C9F7E24123960553;;;;;;;;;;;;;;;
171;56;76.574.810-0;SCANIA FINANCE CHILE S.A.;48097;31-01-2026;0;212207;40319;252526;mox_5E6178D15A0C360C97B8261DDD57A2E5F89DF21C;;;;;;;;;;;;;;;
172;56;76.574.810-0;SCANIA FINANCE CHILE S.A.;48079;31-01-2026;0;340676;64729;405405;mox_7DFB2C1B3562D135496D420D65A2E4481732D7EB;;;;;;;;;;;;;;;
173;56;76.574.810-0;SCANIA FINANCE CHILE S.A.;47945;31-01-2026;0;26768;5086;31854;mox_F2455EA43B2782FAE3CE583FEAB1934456BFBC76;;;;;;;;;;;;;;;
174;56;76.574.810-0;SCANIA FINANCE CHILE S.A.;47934;31-01-2026;0;42420;8060;50480;mox_6A12C577A10EFA7254CA7742E70FA3818B527950;;;;;;;;;;;;;;;
175;56;76.574.810-0;SCANIA FINANCE CHILE S.A.;48047;31-01-2026;0;40956;7782;48738;mox_6ED244F117597080854886F5C4412612C935D1A5;;;;;;;;;;;;;;;
176;56;76.574.810-0;SCANIA FINANCE CHILE S.A.;48060;31-01-2026;0;64134;12186;76320;mox_6D886801BA79623E4C31FFA93EAA51DD7F6D1641;;;;;;;;;;;;;;;
177;56;76.574.810-0;SCANIA FINANCE CHILE S.A.;48040;31-01-2026;0;64134;12186;76320;mox_6117287656869BAAE39A3F02EA7983FC16A2F807;;;;;;;;;;;;;;;
178;56;76.574.810-0;SCANIA FINANCE CHILE S.A.;48033;31-01-2026;0;38548;7324;45872;mox_1DCA8C35223252B9264781B05AD7CBF5247FA152;;;;;;;;;;;;;;;
179;56;76.574.810-0;SCANIA FINANCE CHILE S.A.;47932;31-01-2026;0;42571;8088;50659;mox_66C7DBE0DD11F93D9AB2A64E3EC9881C68489552;;;;;;;;;;;;;;;
180;56;76.574.810-0;SCANIA FINANCE CHILE S.A.;48011;31-01-2026;0;38548;7324;45872;mox_34961866BFBE44E0D0004E5C95662B11304FD6E1;;;;;;;;;;;;;;;
181;56;76.574.810-0;SCANIA FINANCE CHILE S.A.;48024;31-01-2026;0;60140;11427;71567;mox_6411ED4759717AA6B31E99A045F0FAB5C4880D00;;;;;;;;;;;;;;;
182;56;76.574.810-0;SCANIA FINANCE CHILE S.A.;47973;31-01-2026;0;16809;3194;20003;mox_01807756A9A1C7972F2F6B6CCB386C902F5CEF3F;;;;;;;;;;;;;;;
183;56;76.574.810-0;SCANIA FINANCE CHILE S.A.;47974;31-01-2026;0;26637;5061;31698;mox_8F442998EBE30FA488FF1D67CB2539D4DA623BBE;;;;;;;;;;;;;;;
184;56;76.574.810-0;SCANIA FINANCE CHILE S.A.;48029;31-01-2026;0;38548;7324;45872;mox_BC85A3FC51093E825E35B61176448D4505548903;;;;;;;;;;;;;;;
185;56;76.574.810-0;SCANIA FINANCE CHILE S.A.;48013;31-01-2026;0;38548;7324;45872;mox_FF460C38BDF56AD03D9D03CBC9A2498A406556E6;;;;;;;;;;;;;;;
186;56;76.574.810-0;SCANIA FINANCE CHILE S.A.;48084;31-01-2026;0;133265;25320;158585;mox_2EFA1FF255E8A54B0F855BF0994002A2F0CB4AFB;;;;;;;;;;;;;;;
187;33;76.965.550-6;SERGO CHILE S.A.;3038096;01-02-2026;0;4680;889;5569;mox_00B5D924385C5EA6CD9FD605422C50DFE9E9140C;;;;;;;;;;;;;;;
188;33;99.289.000-2;METLIFE CHILE SEGUROS DE VIDA S.A.;822430;01-02-2026;9467712;1550859;294663;11313234;mox_1CAEFB664344F47A330D0611F41BAAA8C6F25FF1;;;;;;;;;;;;;;;
189;33;76.548.103-1;BLINKEND SEGURIDAD SPA;167;01-02-2026;0;15995118;3039072;19034190;mox_5647D280D5D280115F81E2ED315187BD56D90BF7;;;;;;;;;;;;;;;
190;33;76.548.103-1;BLINKEND SEGURIDAD SPA;166;01-02-2026;0;12312570;2339388;14651958;mox_6D453D08099A9FF87080EC88257A061C0A537F44;;;;;;;;;;;;;;;
191;33;78.248.640-3;SOC COMERCIAL MANCINI Y COLEMAN LIMITADA;24029;01-02-2026;0;9714;1846;11560;mox_8AFAD6B901258B5BEDB476E758D04B2192BE8300;;;;;;;;;;;;;;;
192;33;76.512.858-7;ESCAPES SANTANDER SPA;344;01-02-2026;0;750000;142500;892500;mox_83E0B0CF44114625E56FA09C6C583CD874582115;;;;;;;;;;;;;;;
193;33;76.677.472-5;GRUAS Y SERVICIOS SEGOVIA SPA;714;01-02-2026;0;800000;152000;952000;mox_F2D500C9DDAC657D2B9A44A517EFE0FB38013200;;;;;;;;;;;;;;;
194;33;99.289.000-2;METLIFE CHILE SEGUROS DE VIDA S.A.;822532;01-02-2026;43702;1631636;310011;1985349;mox_AE5DDA0AAFB287D8EE4E6010304A1B2C6808D962;;;;;;;;;;;;;;;
195;33;99.289.000-2;METLIFE CHILE SEGUROS DE VIDA S.A.;822531;01-02-2026;0;7754002;1473260;9227262;mox_6E1FAFBEBD0ED1F34E503ED54B5171EADB485FAD;;;;;;;;;;;;;;;
196;33;99.289.000-2;METLIFE CHILE SEGUROS DE VIDA S.A.;822533;01-02-2026;0;407450;77415;484865;mox_56E08A38070B619BA64727DF00FE2404BC7986F5;;;;;;;;;;;;;;;
197;33;99.289.000-2;METLIFE CHILE SEGUROS DE VIDA S.A.;822530;01-02-2026;0;364561;69266;433827;mox_8EC8004E19978E8A264B4D64F459CB1671956A8A;;;;;;;;;;;;;;;
198;33;81.537.600-5;RENDIC HERMANOS S A;27199713;01-02-2026;0;55929;10627;68180;mox_4813FC254121723F7145A37F2E157B58E573C08C;;;;;;;;;;;;;;;
199;33;76.315.734-2;COMERCIALIZADORA DE PRODUCTOS DE LIMPIEZA PROLIMP;1542;01-02-2026;0;188800;35872;224672;mox_79452A1362B37629A09F5C7B1A303A70AF94CA40;;;;;;;;;;;;;;;
200;33;99.289.000-2;METLIFE CHILE SEGUROS DE VIDA S.A.;822528;01-02-2026;0;1753108;333090;2086198;mox_52954D2E93C6858DD767B2568B49A2F167B97A2F;;;;;;;;;;;;;;;
201;33;99.289.000-2;METLIFE CHILE SEGUROS DE VIDA S.A.;822529;01-02-2026;0;763433;145052;908485;mox_0D6A8F207581E0CAB1B1EB5F9CEC63580E534443;;;;;;;;;;;;;;;
202;33;81.537.600-5;RENDIC HERMANOS S A;27236904;01-02-2026;0;22135;4206;26341;mox_5139E1D8E72122B16E1E7638341001EE868F12DC;;;;;;;;;;;;;;;
203;33;90.635.000-9;TELEFONICA CHILE S.A.;41033158;01-02-2026;0;415727;78988;494715;mox_2F5492F63461E7E7C3B81E4DE10C408360946DBE;;;;;;;;;;;;;;;
204;33;92.475.000-6;KAUFMANN S A VEHICULOS MOTORIZADOS;1506207;01-02-2026;0;651210;123730;774940;mox_0289A3A7DA106EA851632783AEBD011D9491828F;;;;;;;;;;;;;;;
205;33;96.841.390-2;ZEAL CHILE S A;280428;01-02-2026;0;40236;7645;47881;mox_F6C0A03CE7F0BCA4F8D059385ABBC63C41CE2473;;;;;;;;;;;;;;;
206;34;97.006.000-6;BANCO DE CREDITO E INVERSIONES;1123174;01-02-2026;99252;0;0;99252;mox_3979DB6D7351EC4A0DB687FD2CB2BCE0A6F79585;;;;;;;;;;;;;;;
207;33;97.004.000-5;BANCO DE CHILE;23853551;02-02-2026;0;80480;15291;95771;mox_74EB18675110D95763213CADC95617C9F97D1A48;;;;;;;;;;;;;;;
208;33;76.574.600-0;SERVICIOS HECTOR ROJAS GARATE E.I.R.L.;8136;02-02-2026;0;9328;1772;11100;mox_7AD29232D87AFFBB07AC9FD5DF4B422F28337085;;;;;;;;;;;;;;;
209;33;76.675.884-3;MANTENCIONES Y REPARACIONES FLORES SPA;284;02-02-2026;0;25000;4750;29750;mox_66D1C14B579A100E185F44000B4DCC37389BA6D1;;;;;;;;;;;;;;;
210;33;76.675.884-3;MANTENCIONES Y REPARACIONES FLORES SPA;286;02-02-2026;0;65000;12350;77350;mox_EF9C2698E20183CBE369EE7250D32493D93E766F;;;;;;;;;;;;;;;
211;33;7.097.412-6;ANA JUSTINA VARAS CRUZ;4174;02-02-2026;0;3362;639;4001;mox_6CAA606CD77ADBE82463B9B015CEFBED322472E7;;;;;;;;;;;;;;;
212;61;76.404.900-4;IMPORTADORA WORLD SOCIEDAD LIMITADA;8;02-02-2026;0;6830000;1297700;8127700;mox_09384CC0ECDBA9287FB352D483E8E26ADB434A56;;;;;;;;;;;;;;;
213;33;77.225.200-5;ARRENDADORA DE VEHICULOS SOCIEDAD ANONIMA;125371;02-02-2026;0;489287;92965;582252;mox_423FF65E61EC73D1681C01C17055DA3A4EA5B247;;;;;;;;;;;;;;;
214;33;76.124.915-0;H.MOTORES S A;58832;02-02-2026;0;309389;58784;368173;mox_F52A78879B25CC103F23E74484ED959A0AAB51D0;;;;;;;;;;;;;;;
215;33;9.756.303-9;ERNESTO MIGUEL CLAROS ARAMAYO;2656;02-02-2026;0;16807;3193;20000;mox_9C7DC0F724309B77BAD4780A7D5CE7554E288D8E;;;;;;;;;;;;;;;
216;33;96.538.460-K;SCANIA CHILE S A;167135;02-02-2026;0;23618;4487;28105;mox_8C8E108395A64322A6CAB978C9F9D3E7286B0C87;;;;;;;;;;;;;;;
217;33;96.538.460-K;SCANIA CHILE S A;167055;02-02-2026;0;165187;31386;196573;mox_313E7245716B9A658A8A2DECEECB77ED8F6FFF90;;;;;;;;;;;;;;;
218;33;96.538.460-K;SCANIA CHILE S A;167054;02-02-2026;0;372000;70680;442680;mox_2091E0FDD9AEE37D66A4787FB2F925A260DDD4E7;;;;;;;;;;;;;;;
219;33;96.538.460-K;SCANIA CHILE S A;167196;02-02-2026;0;372000;70680;442680;mox_5F0D09C98476BCC61100F91580EE7FC102A434AC;;;;;;;;;;;;;;;
220;33;96.538.460-K;SCANIA CHILE S A;167197;02-02-2026;0;372000;70680;442680;mox_7ED323EE6C008927E97C9FB9E77BD9AFC096E993;;;;;;;;;;;;;;;
221;33;76.299.557-3;REVISIONES TECNICAS UVT S.A;38981;02-02-2026;0;9538;1812;11350;mox_A83CC58720B297E7531AB16C4D09BF9B8C900C07;;;;;;;;;;;;;;;
222;33;77.225.200-5;ARRENDADORA DE VEHICULOS SOCIEDAD ANONIMA;125374;02-02-2026;0;753780;143218;896998;mox_923E13B4AFAF6BE510C0995A901111C0FD50C7EE;;;;;;;;;;;;;;;
223;33;92.475.000-6;KAUFMANN S A VEHICULOS MOTORIZADOS;1499318;02-02-2026;0;205050;38960;244010;mox_82E40FDB853DE5AE6A0EAC746F5A61A074D97BD1;;;;;;;;;;;;;;;
224;33;97.023.000-9;ITAU CORPBANCA;2821358;02-02-2026;0;8577045;1629639;10206684;mox_6EC56B55B196A4F3AEE1A1029B34AB3CA66025A1;;;;;;;;;;;;;;;
225;33;97.006.000-6;BANCO DE CREDITO E INVERSIONES;15965350;02-02-2026;0;39435;7493;46928;mox_DAE3566DA9CA5D2FAF7CB45F58A93B7D9B9065C7;;;;;;;;;;;;;;;
226;33;76.574.600-0;SERVICIOS HECTOR ROJAS GARATE E.I.R.L.;8171;03-02-2026;0;5308;1009;6317;mox_4637CCB5928177FCC039D2975AC8BC23BDF9E0A3;;;;;;;;;;;;;;;
227;33;76.063.757-2;SOCIEDAD COMERCIAL DICONOR REPUESTOS LIMITADA;3396;03-02-2026;0;2269;431;2700;mox_A239B4CE23B5A8D25F253305BFC53E0396874403;;;;;;;;;;;;;;;
228;33;8.193.818-0;DRAGOMIR DANIEL QUINTEROS RAMIREZ;110074;03-02-2026;0;3697;702;4399;mox_8E8C8AA99173A282324D1CF9A8FCFE3D6857E9A7;;;;;;;;;;;;;;;
229;33;76.189.269-K;SOCIEDAD COMERCIAL CORTES OSORIO LIMITADA;2109;03-02-2026;0;11092;2107;13199;mox_162BD29841F074FDFBA4E5D75EEC4CA183AB4ED9;;;;;;;;;;;;;;;
230;61;78.248.640-3;SOC COMERCIAL MANCINI Y COLEMAN LIMITADA;1327;03-02-2026;0;9714;1846;11560;mox_92F4D8A478E92D5973006AC7375B58C81B026E34;;;;;;;;;;;;;;;
231;33;76.353.833-8;SOCIEDAD SIMONIN FERNANDEZ LIMITADA;24235;03-02-2026;0;10000;1900;11900;mox_6C93B1B9BE86BD951CC0055AAB49C476073CD882;;;;;;;;;;;;;;;
232;33;76.054.438-8;FRENOS DRAGON Y COMPANIA LIMITADA;64373;03-02-2026;0;2520;479;2999;mox_AE417A2960DA21DDEF78E629AE12F4A044EF707D;;;;;;;;;;;;;;;
233;34;76.479.588-1;VIP CLASS S.A.;844;05-02-2026;2255640;0;0;2255640;mox_D0275ED4212BC766CF301A5C661AB14F7F4AEEE8;;;;;;;;;;;;;;;
234;34;76.479.588-1;VIP CLASS S.A.;846;05-02-2026;9033563;0;0;9033563;mox_953169535ED92D2F5E4A8561740888425A7E114A;;;;;;;;;;;;;;;
235;34;76.479.588-1;VIP CLASS S.A.;847;05-02-2026;2630725;0;0;2630725;mox_A76835C58F8039F9C0A8DCFDF5BDEEBBC3D514F0;;;;;;;;;;;;;;;
236;34;76.479.588-1;VIP CLASS S.A.;848;05-02-2026;2857599;0;0;2857599;mox_8BCF22A68C8515A83F668ED80B9C39735A0B3D13;;;;;;;;;;;;;;;
237;34;76.479.588-1;VIP CLASS S.A.;849;05-02-2026;1620000;0;0;1620000;mox_13AC32CDAE6B58CC34652F48091086F6B98C43F8;;;;;;;;;;;;;;;
238;33;86.551.700-9;FERRETERIA PRAT S A;5056203;05-02-2026;0;7345;1396;8741;mox_368A100A10F5AE499932EFBDB504E7676AA34205;;;;;;;;;;;;;;;
239;33;12.581.822-6;ANGELICA XIMENA MUNOZ PEREIRA;353;05-02-2026;0;2700000;513000;3213000;mox_2ACF43E8966E6BD17EE6E216945C32D4DA5BB118;;;;;;;;;;;;;;;
240;33;76.562.659-5;MANTENCION Y REPARACION ELECTROBUS LIMITADA;75;05-02-2026;0;345000;65550;410550;mox_B6118C0A715F3F69327A01980BA4EA3962D65B3D;;;;;;;;;;;;;;;
241;33;76.562.659-5;MANTENCION Y REPARACION ELECTROBUS LIMITADA;76;05-02-2026;0;380000;72200;452200;mox_1C8763CEF535F9C6BABEC3EFBDDD35619DED3EDB;;;;;;;;;;;;;;;
242;33;76.268.853-0;AVALOS STAR VAMA LIMITADA;159;05-02-2026;0;177600;33744;211344;mox_FFCF954BBA66C9D1E757FB0BA86C8BCDF447A914;;;;;;;;;;;;;;;
243;33;18.792.464-2;SLAVICA VIANKA ETEROVIC CASTRO;104;05-02-2026;0;325000;61750;386750;mox_B195EAFC90D162E0906840CA832A0660BC700766;;;;;;;;;;;;;;;
244;34;76.479.588-1;VIP CLASS S.A.;852;05-02-2026;3318138;0;0;3318138;mox_150BB37432138DD17AA9D5A913D14F75752ED241;;;;;;;;;;;;;;;
245;34;76.479.588-1;VIP CLASS S.A.;853;05-02-2026;3738812;0;0;3738812;mox_6784E2B7F3E1CA37E50F162C3CD9716C2591E83B;;;;;;;;;;;;;;;
246;34;76.479.588-1;VIP CLASS S.A.;855;05-02-2026;8450614;0;0;8450614;mox_4C83080536DE931F7529248D501523699C68040F;;;;;;;;;;;;;;;
247;34;76.479.588-1;VIP CLASS S.A.;857;05-02-2026;10082264;0;0;10082264;mox_DAC5F78E4DA5FDF7A94F772819C719527C457623;;;;;;;;;;;;;;;
248;33;79.609.330-7;SOC DE REPUESTOS RODAR LTDA;37413;05-02-2026;0;238820;45376;284196;mox_05AF7FD3D8848005C116028821D01D50E68A7736;;;;;;;;;;;;;;;
249;34;76.479.588-1;VIP CLASS S.A.;851;05-02-2026;12823797;0;0;12823797;mox_5BBBBE6A5641AD1794490147953480457B68786F;;;;;;;;;;;;;;;
250;34;76.479.588-1;VIP CLASS S.A.;856;05-02-2026;6453316;0;0;6453316;mox_9D09635CE696B0E61CE07288A11AA15C11BFC07E;;;;;;;;;;;;;;;
251;34;76.479.588-1;VIP CLASS S.A.;861;05-02-2026;237218;0;0;237218;mox_86F4118D4731C6D90754820C797F6DFB9B397966;;;;;;;;;;;;;;;
252;34;76.479.588-1;VIP CLASS S.A.;862;05-02-2026;6490541;0;0;6490541;mox_977FE562BAA6922A8311F913BE34B0934427C39E;;;;;;;;;;;;;;;
253;34;76.479.588-1;VIP CLASS S.A.;854;05-02-2026;351576;0;0;351576;mox_C16853BB507372323B3BF269782AA22D6B76C9E8;;;;;;;;;;;;;;;
254;34;76.479.588-1;VIP CLASS S.A.;859;05-02-2026;456390;0;0;456390;mox_3900597A40E9959184E69DB92E002C084E5ACA3A;;;;;;;;;;;;;;;
255;34;76.479.588-1;VIP CLASS S.A.;860;05-02-2026;167040;0;0;167040;mox_EF9990C1566E555F37867EBAEBDE206DA1215896;;;;;;;;;;;;;;;
256;34;76.496.130-7;SOCIEDAD CONCESIONARIA COSTANERA NORTE S A;4566516;05-02-2026;2335463;0;0;2335463;mox_A6AA4A07873247C4F4E54B36CCB06F7884F30E37;;;;;;;;;;;;;;;
257;34;76.496.130-7;SOCIEDAD CONCESIONARIA COSTANERA NORTE S A;4570370;05-02-2026;5025531;0;0;5025531;mox_71F417690A1B7656E01984AD74541C62AD8EDAEC;;;;;;;;;;;;;;;
258;34;76.496.130-7;SOCIEDAD CONCESIONARIA COSTANERA NORTE S A;4571192;05-02-2026;4433241;0;0;4433241;mox_A36A90DADA8EFC3764CD549772FB9405E9696170;;;;;;;;;;;;;;;
259;33;79.710.740-9;SOPORTE Y PROYECTOS EN COMPUTACION LIMITADA;25655;05-02-2026;0;64923;12335;77258;mox_ACB682F524124002DD3DA15166830EDA7C79F61C;;;;;;;;;;;;;;;
260;33;79.710.740-9;SOPORTE Y PROYECTOS EN COMPUTACION LIMITADA;25713;05-02-2026;0;264139;50186;314325;mox_DE51B2E3DC3DB81274D107C9C90C44F0EA1D154C;;;;;;;;;;;;;;;
261;33;79.710.740-9;SOPORTE Y PROYECTOS EN COMPUTACION LIMITADA;25714;05-02-2026;0;213463;40558;254021;mox_BAC8E4E5E0EB40A4F18C8B738154F1E5F900F8CF;;;;;;;;;;;;;;;
262;34;99.508.950-5;TRANSPORTE PRIVADO ECOTRANS CHILE S A;33319;05-02-2026;8891930;0;0;8891930;mox_FBA0F2262B8875551EE4187647D57971F617C26E;;;;;;;;;;;;;;;
263;33;77.546.140-3;QUADREM CHILE LIMITADA;1067262;05-02-2026;0;263996;50159;314155;mox_8F0FE88216E6BDACB4EBC64CCA1F47301EF3EFAC;;;;;;;;;;;;;;;
264;33;96.792.430-K;SODIMAC S A;86226564;05-02-2026;0;20866;3965;24831;mox_7126B8E2B2AB17B69F68D909D9C46F3C635A2345;;;;;;;;;;;;;;;
265;33;8.193.818-0;DRAGOMIR DANIEL QUINTEROS RAMIREZ;110139;06-02-2026;0;7192;1366;8558;mox_7C06CAEA10118C4FBC960C7DA1403F86787C2304;;;;;;;;;;;;;;;
266;33;6.518.718-3;JOSE MIGUEL HOYOS CONCHA;1893;06-02-2026;0;112659;21405;134064;mox_A3A01E972BB1A670F5440C6549D54F1CD8720CC8;;;;;;;;;;;;;;;
267;33;76.103.649-1;CASINOS Y RESTAURANTES MARCO ANTONIO VERA FERNANDE;339;06-02-2026;0;1161500;220685;1382185;mox_B42F7CD0506F7CCAE24B1BEEF199F28DA161DDE2;;;;;;;;;;;;;;;
268;33;79.609.330-7;SOC DE REPUESTOS RODAR LTDA;37420;06-02-2026;0;232213;44120;276333;mox_BBE3E01BF29500AD5D68F5171EDD4CC2A57A9D5C;;;;;;;;;;;;;;;
269;33;85.660.800-K;SOC COMERCIAL ALVAREZ Y ALVAREZ LTDA;7244;06-02-2026;0;224378;42632;267010;mox_FE32296256F4B8AEF7A994726C2E40233F33223F;;;;;;;;;;;;;;;
270;33;7.097.412-6;ANA JUSTINA VARAS CRUZ;4189;06-02-2026;0;9664;1836;11500;mox_0BA7F374A0C7C97E14365230F7F87F7BDDC8C8EF;;;;;;;;;;;;;;;
271;33;76.133.513-8;SOCIEDAD GASTRONOMICA SUAREZ Y ANABALON LIMITADA;2646;06-02-2026;0;29157;5540;34697;mox_532696751AE88E5573B68AA9141C4AD80B0E7028;;;;;;;;;;;;;;;
272;33;77.663.150-7;HOTELERA DIEGO DE ALMAGRO LIMITADA;540782;06-02-2026;0;122958;23362;146320;mox_25C1AD9719E854FE7D761BF64DAA77CE6A9F1E4B;;;;;;;;;;;;;;;
273;33;97.004.000-5;BANCO DE CHILE;23766903;06-02-2026;0;1035013;196653;1231666;mox_9B6DB3F6D078CC529EFB2A3313BD357711FE354E;;;;;;;;;;;;;;;
274;33;96.941.960-2;GPS CHILE SPA;243977;06-02-2026;0;796855;151402;948257;mox_731D9B3039DD5C12FCF0CFAACFD808D24CF53D16;;;;;;;;;;;;;;;
275;33;97.006.000-6;BANCO DE CREDITO E INVERSIONES;16002095;06-02-2026;0;39440;7494;46934;mox_61C0D9F3C5BCA52812A35789287DFFDEF4B309FA;;;;;;;;;;;;;;;
276;33;97.006.000-6;BANCO DE CREDITO E INVERSIONES;16002094;06-02-2026;0;2010;382;2392;mox_CF2463734F8DC5CCAF47ADCC3EAF5622C56D7304;;;;;;;;;;;;;;;
277;33;97.006.000-6;BANCO DE CREDITO E INVERSIONES;16002096;06-02-2026;0;39440;7494;46934;mox_100A99953DCC92FEB5FC491B566E0D9B6475B1CA;;;;;;;;;;;;;;;
278;33;97.006.000-6;BANCO DE CREDITO E INVERSIONES;16002097;06-02-2026;0;663567;126078;789645;mox_88462C2CA283E90A4E524E4B7EC758A03C1C5591;;;;;;;;;;;;;;;
279;33;76.524.838-8;TRANSPORTES NAVARRO SPA;172;07-02-2026;0;1875000;356250;2231250;mox_AE9B21F0C838E4A1BFD0C8CBBE429776F261FA06;;;;;;;;;;;;;;;
280;61;12.946.591-3;RUTH ESTER NAVEA ACEVEDO;1;07-02-2026;0;246078;46755;292833;mox_42569C842C306EDE02B92B27291242B7AD121460;;;;;;;;;;;;;;;
281;33;10.017.578-9;CHRISTIAN LORENZO MAYA VEAS;36;07-02-2026;0;3528;670;4198;mox_B012201483D361318687E8A04836A6BE0A1065B8;;;;;;;;;;;;;;;
282;33;10.041.265-9;CLAUDIO HUMBERTO PEDRAZA CORTES;4216;07-02-2026;0;8739;1660;10399;mox_CEB444614BEBD2984DBE067109C86CFCD06377D7;;;;;;;;;;;;;;;
283;34;76.479.588-1;VIP CLASS S.A.;865;07-02-2026;239544;0;0;239544;mox_E494556D58A77C7DB990B9C18AD8D3C309C257A5;;;;;;;;;;;;;;;
284;34;76.479.588-1;VIP CLASS S.A.;864;07-02-2026;581490;0;0;581490;mox_C780FFACFA0D7FB23EE3A9DA5E7B232C7711B12B;;;;;;;;;;;;;;;
285;33;92.475.000-6;KAUFMANN S A VEHICULOS MOTORIZADOS;1515755;07-02-2026;0;1349017;256313;1605330;mox_DDB64C41D3812F1AA556BE296A928A13CFB9491C;;;;;;;;;;;;;;;
286;33;92.475.000-6;KAUFMANN S A VEHICULOS MOTORIZADOS;1523555;07-02-2026;0;200070;38013;238083;mox_B86E962F21DE3F4F804158B2292189EEFBD9D9C9;;;;;;;;;;;;;;;
287;33;92.475.000-6;KAUFMANN S A VEHICULOS MOTORIZADOS;1523556;07-02-2026;0;710359;134968;845327;mox_622BC6E06016147C538B59FCD03B15C7E0E06554;;;;;;;;;;;;;;;
288;33;92.475.000-6;KAUFMANN S A VEHICULOS MOTORIZADOS;1523516;07-02-2026;0;193050;36680;229730;mox_F68F3985588B501BBC4AE3170F52723F296CCE71;;;;;;;;;;;;;;;
289;33;97.018.000-1;SCOTIABANK CHILE;5229717;07-02-2026;0;4513335;857534;5370869;mox_5A39690403CBACD2A6855B2D824B22397A5F534A;;;;;;;;;;;;;;;
290;33;97.018.000-1;SCOTIABANK CHILE;5229716;07-02-2026;0;1212869;230445;1443314;mox_7967B39774BEFB2E0499AB8CA5176CC61F181A5E;;;;;;;;;;;;;;;
291;34;97.004.000-5;BANCO DE CHILE;14924693;07-02-2026;9233;0;0;9233;mox_4436F6259CDEAE253A18D74FF7839A4096C69670;;;;;;;;;;;;;;;
292;34;97.004.000-5;BANCO DE CHILE;14924688;07-02-2026;9188;0;0;9188;mox_B44757FA65A4E9499168C5C634440CD50940F0CF;;;;;;;;;;;;;;;
293;34;97.004.000-5;BANCO DE CHILE;14924691;07-02-2026;9233;0;0;9233;mox_D3857CFE4C4B15B1C449B52BBF54E44D18BE05F7;;;;;;;;;;;;;;;
294;34;97.004.000-5;BANCO DE CHILE;14924690;07-02-2026;9233;0;0;9233;mox_371A4326AD5CACC01DFB3302B21E0D738BB03EBC;;;;;;;;;;;;;;;
295;34;97.004.000-5;BANCO DE CHILE;14924692;07-02-2026;8930;0;0;8930;mox_A5D2F68909EB8E96ED8382715248343CB5D7992C;;;;;;;;;;;;;;;
296;34;97.004.000-5;BANCO DE CHILE;14924687;07-02-2026;8930;0;0;8930;mox_8CEAFC96273828162C1EE60F499F730926BF7B0E;;;;;;;;;;;;;;;
297;34;97.004.000-5;BANCO DE CHILE;14924686;07-02-2026;8930;0;0;8930;mox_8FCC4875C8FBE2CE8856DCC731765D989B0714AC;;;;;;;;;;;;;;;
298;34;97.004.000-5;BANCO DE CHILE;14924689;07-02-2026;8930;0;0;8930;mox_7173DFBE75B9CEF7DE271DC2EEFCB0A1874E9E13;;;;;;;;;;;;;;;
299;33;14.114.819-2;RUTH CASTILLO RAMIREZ;70;08-02-2026;0;40000;7600;47600;mox_794D4282DDFE0E2B50C6867AAD19A5C7936330A5;;;;;;;;;;;;;;;
300;34;76.479.588-1;VIP CLASS S.A.;868;08-02-2026;2582551;0;0;2582551;mox_25D493BC7B7A7CFC4537BA6B3FF442363E47A05C;;;;;;;;;;;;;;;
301;34;76.479.588-1;VIP CLASS S.A.;869;08-02-2026;855343;0;0;855343;mox_D4136DC1307F3010B532D2D3F01AA666DCF6335D;;;;;;;;;;;;;;;
302;34;76.039.865-9;SOCIEDAD CONCESIONARIA AUTOPISTA COSTA ARAUCO S.A.;9275;08-02-2026;188594;0;0;188594;mox_00A6B52BBA43AD77C0B89A8239F4EB36CADF3964;;;;;;;;;;;;;;;
303;34;76.479.588-1;VIP CLASS S.A.;867;08-02-2026;109782;0;0;109782;mox_68DF277901C2E7FF8CDFE1257D9DF81F8CA1BB8A;;;;;;;;;;;;;;;
304;34;76.392.554-4;SOCIEDAD CENTRO MEDICO MINERO DE CHILE LIMITADA;555;08-02-2026;1252042;0;0;1252042;mox_8EF91E1F4E7B4C304D347D59A060EC6242898BF0;;;;;;;;;;;;;;;
305;34;76.479.588-1;VIP CLASS S.A.;872;08-02-2026;3011267;0;0;3011267;mox_5347ECE627D3417A16F1EEB473A4DC21DE72E551;;;;;;;;;;;;;;;
306;34;76.479.588-1;VIP CLASS S.A.;871;08-02-2026;9751946;0;0;9751946;mox_918C6F0885425E3EA9603C0D45037DA86C4FC7B9;;;;;;;;;;;;;;;
307;33;76.574.600-0;SERVICIOS HECTOR ROJAS GARATE E.I.R.L.;8346;08-02-2026;0;4305;818;5123;mox_995211940113A4DF5BA11AE5945350C67A97E54A;;;;;;;;;;;;;;;
308;33;76.441.560-4;WISETRACK CHILE S A;26086;08-02-2026;0;32198;6118;38316;mox_298D3A37BA7E54316BF3952BF9270B2C2F9083CB;;;;;;;;;;;;;;;
309;33;76.171.658-1;COMERCIAL E INDUSTRIAL SILFA S.A;258073;08-02-2026;0;226882;43108;269990;mox_247A7D2963CEB0A3CF1CD5AC570D97BE2160D7C5;;;;;;;;;;;;;;;
310;33;99.500.410-0;BANCO CONSORCIO;456028;08-02-2026;0;14160260;2690449;16850709;mox_1E8E518AA8E336CC51E8F9D7B703A2302FE14474;;;;;;;;;;;;;;;
311;33;76.649.629-6;SERVICIOS GENERALES ESMERALDA SPA;3;08-02-2026;0;3960000;752400;4712400;mox_E23671F2379A41111BBBC32588490A1FF18630EE;;;;;;;;;;;;;;;
312;33;92.475.000-6;KAUFMANN S A VEHICULOS MOTORIZADOS;1479506;08-02-2026;0;1071882;203658;1275540;mox_F8EE5497EEB622B901D8D112AA820C4C9A781275;;;;;;;;;;;;;;;
313;33;97.018.000-1;SCOTIABANK CHILE;5229785;08-02-2026;0;1733701;329403;2063104;mox_8BD5F477CC9E410044D6DA33FFEEAE1ECF7941DF;;;;;;;;;;;;;;;
314;33;92.475.000-6;KAUFMANN S A VEHICULOS MOTORIZADOS;1509973;08-02-2026;0;78150;14849;92999;mox_81AC3A414808B4E15E16B1691A390207CE00A1C3;;;;;;;;;;;;;;;
315;33;97.004.000-5;BANCO DE CHILE;23853552;09-02-2026;0;80498;15295;95793;mox_061DD304BC6A5660E6B0D9A726406D71C7EAB0C1;;;;;;;;;;;;;;;
316;33;76.649.629-6;SERVICIOS GENERALES ESMERALDA SPA;4;09-02-2026;0;1775000;337250;2112250;mox_2E5A1879B4A6D3B5CA78FB711CCCA2F14A23F28A;;;;;;;;;;;;;;;
317;33;76.574.600-0;SERVICIOS HECTOR ROJAS GARATE E.I.R.L.;8371;09-02-2026;0;2907;552;3459;mox_5447B36757C78F397BDC324761AA2182E578AE24;;;;;;;;;;;;;;;
318;33;76.574.600-0;SERVICIOS HECTOR ROJAS GARATE E.I.R.L.;8399;09-02-2026;0;8508;1616;10124;mox_3EF41155C30CF2F79B99068693CD8190AC3AE1A2;;;;;;;;;;;;;;;
319;33;76.574.600-0;SERVICIOS HECTOR ROJAS GARATE E.I.R.L.;8401;09-02-2026;0;3278;623;3901;mox_F85E341F89BF421CAE71A5371FE4F695AFBAB47C;;;;;;;;;;;;;;;
320;34;76.334.100-3;CENTRO DE ALTA FORMACION UNIVERSITARIO LIMITADA;1280;09-02-2026;177000;0;0;177000;mox_6ACFD8497A1BC9C2D7D4695FC3F72E2438F92CD7;;;;;;;;;;;;;;;
321;34;76.334.100-3;CENTRO DE ALTA FORMACION UNIVERSITARIO LIMITADA;1281;09-02-2026;177000;0;0;177000;mox_4B34AB73ECAFB667250B7BB094595A9CC3A064EF;;;;;;;;;;;;;;;
322;33;23.441.424-0;RICHAR JORGE LOZA QUISPE;39;09-02-2026;0;7563;1437;9000;mox_3AC8EFB1EA033B7AB12ACC01F1D236CCB8A2BAA4;;;;;;;;;;;;;;;
323;33;97.004.000-5;BANCO DE CHILE;23786002;09-02-2026;0;13416;2549;15965;mox_8A0F00DA6FD7D8874A11DDD34FA51641B49620F3;;;;;;;;;;;;;;;
324;33;97.006.000-6;BANCO DE CREDITO E INVERSIONES;16047075;09-02-2026;0;39444;7494;46938;mox_DB63BF78ABB36B280F4871EBBB4510327E0F8F13;;;;;;;;;;;;;;;
325;33;76.054.438-8;FRENOS DRAGON Y COMPANIA LIMITADA;64512;09-02-2026;0;4622;878;5500;mox_AED2D566A0D3F46982706D90374EE46E2628829D;;;;;;;;;;;;;;;
326;33;96.639.090-5;IMPORT EXPORT STOP S A;3091;09-02-2026;0;174932;33237;208169;mox_1DF943196C4A3ED1A881127A969FD107C9764D95;;;;;;;;;;;;;;;
327;33;78.137.180-7;EMPRESA DE SERVICIOS HIMCE LIMITADA;122383;10-02-2026;0;70000;13300;83300;mox_35E2A960E6C001687BA1A4C9317F229B00134BE5;;;;;;;;;;;;;;;
328;33;14.114.819-2;RUTH CASTILLO RAMIREZ;71;10-02-2026;0;40000;7600;47600;mox_15D009006DF46F389D398B1834A2087B596DDB53;;;;;;;;;;;;;;;
329;33;8.800.728-K;ROXANA CAROL CORTEZ QUIROGA;598;10-02-2026;0;8824;1677;10501;mox_C714420F144C4AB81DE66137ABB374913492A8FA;;;;;;;;;;;;;;;
330;33;78.487.810-4;SOC COMERCIAL PAPER MILL LIMITADA;3206;11-02-2026;0;12521;2379;14900;mox_D419CF021ACAAC51D1331EAF6CFDF89F380F5694;;;;;;;;;;;;;;;
331;33;76.468.501-6;GESTION CUATRO SPA;216;11-02-2026;0;1200000;228000;1428000;mox_CD5D750A89C4799BC52E1E981FF6C9D3385EEF65;;;;;;;;;;;;;;;
332;33;76.468.501-6;GESTION CUATRO SPA;217;11-02-2026;0;3200000;608000;3808000;mox_EB18C3B03C2897699BA43E02440F39F199BA9FE1;;;;;;;;;;;;;;;
333;33;96.792.430-K;SODIMAC S A;86605063;11-02-2026;0;64287;12215;76502;mox_3123382924A745C7AD3543952320B343D7B0B9DE;;;;;;;;;;;;;;;
334;34;76.052.927-3;SOCIEDAD CONCESIONARIA AUTOPISTA NUEVA VESPUCIO SU;6077570;12-02-2026;1429722;0;0;1429722;mox_79BE1432BF8C272F5012B3D00688D0E2E5B20B1F;;;;;;;;;;;;;;;
335;33;76.574.810-0;SCANIA FINANCE CHILE S.A.;99583;12-02-2026;0;9672088;1837697;11509785;mox_694C4533A91CC86BA527CF795D8AA716106C08DB;;;;;;;;;;;;;;;
336;33;76.574.810-0;SCANIA FINANCE CHILE S.A.;99562;12-02-2026;0;3089064;586922;3675986;mox_88464F46BA62D77A7F264A8443D87CAE3E014F41;;;;;;;;;;;;;;;
337;33;76.574.810-0;SCANIA FINANCE CHILE S.A.;99545;12-02-2026;0;2724689;517691;3242380;mox_CE311FDD9077F18487B7597FBF2DFD3A09BF6854;;;;;;;;;;;;;;;
338;33;76.574.810-0;SCANIA FINANCE CHILE S.A.;99547;12-02-2026;0;3089064;586922;3675986;mox_9C5E2B12B79E2471CA766C143FC103264A4D8B2F;;;;;;;;;;;;;;;
339;33;76.574.810-0;SCANIA FINANCE CHILE S.A.;99551;12-02-2026;0;3089064;586922;3675986;mox_6DF8B1DD1CECBE3B60FC88712FDCECAF73083322;;;;;;;;;;;;;;;
340;33;76.574.810-0;SCANIA FINANCE CHILE S.A.;99533;12-02-2026;0;1405549;267054;1672603;mox_1B9B223A4ACC79DF724C67369851B6A577C3DE74;;;;;;;;;;;;;;;
341;33;76.574.810-0;SCANIA FINANCE CHILE S.A.;99561;12-02-2026;0;3089064;586922;3675986;mox_F987CC1AD96912006F1D7C28D514FD9FBB7A7F30;;;;;;;;;;;;;;;
342;33;76.574.810-0;SCANIA FINANCE CHILE S.A.;99539;12-02-2026;0;2724689;517691;3242380;mox_5EA56FA89D82895A158FAE515459ED9003824E5D;;;;;;;;;;;;;;;
343;33;76.574.810-0;SCANIA FINANCE CHILE S.A.;99564;12-02-2026;0;3089064;586922;3675986;mox_C0FDF827006F120CDA55512B7B84808D2395BCAC;;;;;;;;;;;;;;;
344;33;76.574.810-0;SCANIA FINANCE CHILE S.A.;99594;12-02-2026;0;11299416;2146889;13446305;mox_255ECCD2C39C36D7AC5769B91B4CF2DDFE7FFC3D;;;;;;;;;;;;;;;
345;33;76.574.810-0;SCANIA FINANCE CHILE S.A.;99575;12-02-2026;0;3089064;586922;3675986;mox_8C1F6C17BBCD08A9EE59B23B30EDE7690FBE7C0A;;;;;;;;;;;;;;;
346;33;76.574.810-0;SCANIA FINANCE CHILE S.A.;99523;12-02-2026;0;2238443;425304;2663747;mox_63C8B45B8C00BE9FBD21624D2E37070DA93938A5;;;;;;;;;;;;;;;
347;33;76.574.810-0;SCANIA FINANCE CHILE S.A.;99525;12-02-2026;0;2238443;425304;2663747;mox_7AA5C04DA9D12AB8C898F1AA33115B7CA31B407C;;;;;;;;;;;;;;;
348;33;76.574.810-0;SCANIA FINANCE CHILE S.A.;99565;12-02-2026;0;3089064;586922;3675986;mox_21E6EA1953EADDBD8673F43109C367096B821A37;;;;;;;;;;;;;;;
349;33;76.574.810-0;SCANIA FINANCE CHILE S.A.;99595;12-02-2026;0;11299416;2146889;13446305;mox_87484C358AFF8C6C2275878489C1D7DE574D3BC1;;;;;;;;;;;;;;;
350;33;76.574.810-0;SCANIA FINANCE CHILE S.A.;99530;12-02-2026;0;1405549;267054;1672603;mox_8232F5293F3D20E87ACDC19A32A830E33A9EF00A;;;;;;;;;;;;;;;
351;33;76.574.810-0;SCANIA FINANCE CHILE S.A.;99522;12-02-2026;0;2238443;425304;2663747;mox_8DFDEF11BC9372A77719219923A5F3D65BCEBC32;;;;;;;;;;;;;;;
352;33;76.574.810-0;SCANIA FINANCE CHILE S.A.;99567;12-02-2026;0;3089064;586922;3675986;mox_71FB79E088B5427E6B005F8B1BA176512D3E503E;;;;;;;;;;;;;;;
353;33;76.574.810-0;SCANIA FINANCE CHILE S.A.;99584;12-02-2026;0;9672088;1837697;11509785;mox_5B676C17CB6B94A5461332B6E3BABE65D3B6579E;;;;;;;;;;;;;;;
354;33;76.574.810-0;SCANIA FINANCE CHILE S.A.;99597;12-02-2026;0;11308179;2148554;13456733;mox_F443D195F51893CDC668682C263423DDC12000E0;;;;;;;;;;;;;;;
355;33;76.574.810-0;SCANIA FINANCE CHILE S.A.;99585;12-02-2026;0;6385951;1213331;7599282;mox_0B525825EC61CFCC3C858AFEB357B560EE149D8D;;;;;;;;;;;;;;;
356;33;76.574.810-0;SCANIA FINANCE CHILE S.A.;99521;12-02-2026;0;2238443;425304;2663747;mox_E78D93B4E6947C6C61B0160554B2B2070A57273A;;;;;;;;;;;;;;;
357;33;76.574.810-0;SCANIA FINANCE CHILE S.A.;99556;12-02-2026;0;3089064;586922;3675986;mox_CC9C0156EB7539738F7CA6A3968A38B1528BD982;;;;;;;;;;;;;;;
358;33;76.574.810-0;SCANIA FINANCE CHILE S.A.;99555;12-02-2026;0;3089064;586922;3675986;mox_4BE1C100BD150318136D01B34ACB51961FA4525C;;;;;;;;;;;;;;;
359;33;76.574.810-0;SCANIA FINANCE CHILE S.A.;99538;12-02-2026;0;2724689;517691;3242380;mox_8CF52B6D6DCBF33B8AA8942DB1A64A55ED270F5B;;;;;;;;;;;;;;;
360;33;76.574.810-0;SCANIA FINANCE CHILE S.A.;99537;12-02-2026;0;2724689;517691;3242380;mox_D69784BCB56D59954005B5F93243E3910EC098E0;;;;;;;;;;;;;;;
361;33;76.574.810-0;SCANIA FINANCE CHILE S.A.;99596;12-02-2026;0;11308179;2148554;13456733;mox_49C950A73B1FB2E0D6E957126325808F950173BB;;;;;;;;;;;;;;;
362;33;76.574.810-0;SCANIA FINANCE CHILE S.A.;99550;12-02-2026;0;3089064;586922;3675986;mox_E6F4C0980D53E60C78EE76B52AA86A012036CFBA;;;;;;;;;;;;;;;
363;33;76.574.810-0;SCANIA FINANCE CHILE S.A.;99560;12-02-2026;0;3089064;586922;3675986;mox_670889CE2DAF5DC1A89FBD2EC49AB2A7A4689888;;;;;;;;;;;;;;;
364;33;76.574.810-0;SCANIA FINANCE CHILE S.A.;99527;12-02-2026;0;2238443;425304;2663747;mox_672C96D3323DA3AD323CEF16C8612B46A66CE071;;;;;;;;;;;;;;;
365;33;76.574.810-0;SCANIA FINANCE CHILE S.A.;99566;12-02-2026;0;3089064;586922;3675986;mox_24983AFC0614D80CBA2373CA9FE14E5561E68C8D;;;;;;;;;;;;;;;
366;33;76.574.810-0;SCANIA FINANCE CHILE S.A.;99544;12-02-2026;0;2724689;517691;3242380;mox_6266FF96F1A051423515D537C2FAD89C704C0D74;;;;;;;;;;;;;;;
367;33;76.574.810-0;SCANIA FINANCE CHILE S.A.;99576;12-02-2026;0;3089064;586922;3675986;mox_8AC3646CA0F338F558A503E079DA8AD206044F86;;;;;;;;;;;;;;;
368;33;76.574.810-0;SCANIA FINANCE CHILE S.A.;99570;12-02-2026;0;3089064;586922;3675986;mox_D170DEBE6529B68D19D821DB1872DCB699487706;;;;;;;;;;;;;;;
369;33;76.574.810-0;SCANIA FINANCE CHILE S.A.;99568;12-02-2026;0;3089064;586922;3675986;mox_CA448A5FAA7390366C276243E27D8261245D8C3F;;;;;;;;;;;;;;;
370;33;76.574.810-0;SCANIA FINANCE CHILE S.A.;99532;12-02-2026;0;1405549;267054;1672603;mox_7251C39A8613EEA161F94B3553EAEDD8FCB9668A;;;;;;;;;;;;;;;
371;33;76.574.810-0;SCANIA FINANCE CHILE S.A.;99572;12-02-2026;0;3089064;586922;3675986;mox_243D6AC21054E7AB46A184AF3DD8BB835097BD0A;;;;;;;;;;;;;;;
372;33;76.574.810-0;SCANIA FINANCE CHILE S.A.;99549;12-02-2026;0;3089064;586922;3675986;mox_445FE79406789353194BAF3BAA6E846F9B1805D0;;;;;;;;;;;;;;;
373;33;76.574.810-0;SCANIA FINANCE CHILE S.A.;99541;12-02-2026;0;2724689;517691;3242380;mox_745673D555E2F694B95EDA413A7EE447DB141B32;;;;;;;;;;;;;;;
374;33;76.574.810-0;SCANIA FINANCE CHILE S.A.;99548;12-02-2026;0;3089064;586922;3675986;mox_D9AED61C3AAC5BB072696E2BF3DF0D272F9B3D7F;;;;;;;;;;;;;;;
375;33;76.574.810-0;SCANIA FINANCE CHILE S.A.;99569;12-02-2026;0;3089064;586922;3675986;mox_EFFAC961D6986C4D5DEAE98F553E1C65E8B06AD4;;;;;;;;;;;;;;;
376;33;76.574.810-0;SCANIA FINANCE CHILE S.A.;99558;12-02-2026;0;3089064;586922;3675986;mox_FAD10AB4CE774E6303BA3EA60FE0EBF2CC46B8E0;;;;;;;;;;;;;;;
377;33;76.574.810-0;SCANIA FINANCE CHILE S.A.;99536;12-02-2026;0;2724689;517691;3242380;mox_9AA82300D1E70FF0EB4CA5C277040AAB5005ED8E;;;;;;;;;;;;;;;
378;33;76.574.810-0;SCANIA FINANCE CHILE S.A.;99573;12-02-2026;0;3089064;586922;3675986;mox_05F4059B06F6A8BCC2CE8DD555AB056ACE1E6538;;;;;;;;;;;;;;;
379;33;76.574.810-0;SCANIA FINANCE CHILE S.A.;99580;12-02-2026;0;14922070;2835193;17757263;mox_7B7A933E1D94086FD8C29171A2B9416F720BF648;;;;;;;;;;;;;;;
380;33;76.574.810-0;SCANIA FINANCE CHILE S.A.;99579;12-02-2026;0;14922070;2835193;17757263;mox_683AE72BCA19C4C9D2060DA0D26DC2F853F0838F;;;;;;;;;;;;;;;
381;33;76.574.810-0;SCANIA FINANCE CHILE S.A.;99574;12-02-2026;0;3089064;586922;3675986;mox_4C529251ED02154476CEED4A1E70A0E8CD9B67CA;;;;;;;;;;;;;;;
382;33;76.574.810-0;SCANIA FINANCE CHILE S.A.;99563;12-02-2026;0;3089064;586922;3675986;mox_82ACBC18F2C3F99C66D874C41842D17BA1550620;;;;;;;;;;;;;;;
383;33;76.574.810-0;SCANIA FINANCE CHILE S.A.;99524;12-02-2026;0;2238443;425304;2663747;mox_9D7194856E7CEF122D90491236214FA9E4BE61F9;;;;;;;;;;;;;;;
384;33;76.574.810-0;SCANIA FINANCE CHILE S.A.;99543;12-02-2026;0;2724689;517691;3242380;mox_E4174E171B59D7106F463FD5221CC776E6E1B49B;;;;;;;;;;;;;;;
385;33;76.574.810-0;SCANIA FINANCE CHILE S.A.;99554;12-02-2026;0;3089064;586922;3675986;mox_6C0CFC60369601423E633D8319B0F05B71526F15;;;;;;;;;;;;;;;
386;33;76.574.810-0;SCANIA FINANCE CHILE S.A.;99520;12-02-2026;0;2238443;425304;2663747;mox_8FE16C625620D188AC8C0F18326093EB9561FC48;;;;;;;;;;;;;;;
387;33;76.574.810-0;SCANIA FINANCE CHILE S.A.;99589;12-02-2026;0;9510426;1806981;11317407;mox_0A4EAA591DC96F0C2A48822101F41957CEDA173C;;;;;;;;;;;;;;;
388;34;76.479.588-1;VIP CLASS S.A.;875;12-02-2026;640890;0;0;640890;mox_8E7E999581A3C43D918409B5E085320DA3C68303;;;;;;;;;;;;;;;
389;33;76.574.810-0;SCANIA FINANCE CHILE S.A.;99519;12-02-2026;0;2232848;424241;2657089;mox_2A06C1BDD89032619F230450AEA27B6A43087029;;;;;;;;;;;;;;;
390;33;76.574.810-0;SCANIA FINANCE CHILE S.A.;99542;12-02-2026;0;2724689;517691;3242380;mox_258850FC2EBC09F17CB91191A4EAE314151A45C6;;;;;;;;;;;;;;;
391;33;76.574.810-0;SCANIA FINANCE CHILE S.A.;99571;12-02-2026;0;3089064;586922;3675986;mox_324D386C02E67AACC06F6B0C85657D3745B7D95B;;;;;;;;;;;;;;;
392;34;76.479.588-1;VIP CLASS S.A.;874;12-02-2026;4375155;0;0;4375155;mox_2929782A8A31AA588F90CFA3D7827D6ECA073546;;;;;;;;;;;;;;;
393;33;76.574.810-0;SCANIA FINANCE CHILE S.A.;99557;12-02-2026;0;3072090;583697;3655787;mox_61319C0B49B91725E9D62D859CA21679F788771E;;;;;;;;;;;;;;;
394;33;76.574.810-0;SCANIA FINANCE CHILE S.A.;99526;12-02-2026;0;2238443;425304;2663747;mox_73C20A91384CDF27C86C693AD2417532BD65CDA1;;;;;;;;;;;;;;;
395;61;76.703.624-8;SOCIEDAD COMERCIAL IMPORTADORA Y EXPORTADORA SAFET;61;12-02-2026;0;300180;57034;357214;mox_7D055925EAC5DE114C4E1631AE84F979B5306AE2;;;;;;;;;;;;;;;
396;33;76.703.624-8;SOCIEDAD COMERCIAL IMPORTADORA Y EXPORTADORA SAFET;763;12-02-2026;0;300180;57034;357214;mox_ADE4CB2A50F020E6440812E1E4C1FABD69457EE1;;;;;;;;;;;;;;;
397;33;76.703.624-8;SOCIEDAD COMERCIAL IMPORTADORA Y EXPORTADORA SAFET;764;12-02-2026;0;166780;31688;198468;mox_9BB28DF7D3AA463AF871927E1036EF5BB709545B;;;;;;;;;;;;;;;
398;33;76.008.745-9;SOCIEDAD COMERCIAL TRANSPORTES CEJAS CARRASCO SOCI;220;12-02-2026;0;215000;40850;255850;mox_18AB07A5EA42665661DF1BC29E14C8B93DE88693;;;;;;;;;;;;;;;
399;34;76.052.927-3;SOCIEDAD CONCESIONARIA AUTOPISTA NUEVA VESPUCIO SU;6081954;12-02-2026;1566071;0;0;1566071;mox_DF2458C70BDADA80F0DCEA659933904F33457A60;;;;;;;;;;;;;;;
400;33;8.549.399-K;EDUARDO PATRICIO VILLARROEL VILLALOBOS;3009;12-02-2026;0;201681;38319;240000;mox_8042F7255B44389DBA9EAE99AB6D5F8AAB480A14;;;;;;;;;;;;;;;
401;34;76.052.927-3;SOCIEDAD CONCESIONARIA AUTOPISTA NUEVA VESPUCIO SU;6083311;12-02-2026;426456;0;0;426456;mox_B59E25996DAF9793AC9BACD118BBF02AAAA08C1D;;;;;;;;;;;;;;;
402;33;76.574.810-0;SCANIA FINANCE CHILE S.A.;99581;12-02-2026;0;14922070;2835193;17757263;mox_6693E94EBF064C0E4D6892C2CDC10B8A7D093603;;;;;;;;;;;;;;;
403;33;92.475.000-6;KAUFMANN S A VEHICULOS MOTORIZADOS;1525586;12-02-2026;0;220500;41895;262395;mox_E1756877855D8048CF4ADED87FE519D3ABB307F2;;;;;;;;;;;;;;;
404;33;76.574.810-0;SCANIA FINANCE CHILE S.A.;99582;12-02-2026;0;11938850;2268382;14207232;mox_A8E2AFBCA56BDEFFDCBC9CDC719CBB0AACA7C23E;;;;;;;;;;;;;;;
405;33;76.574.810-0;SCANIA FINANCE CHILE S.A.;99535;12-02-2026;0;1405549;267054;1672603;mox_FA1AA9FF0A311F46206F3C506FA4A201D72B81C3;;;;;;;;;;;;;;;
406;33;76.574.810-0;SCANIA FINANCE CHILE S.A.;99553;12-02-2026;0;3089064;586922;3675986;mox_03ABB91A515D07397E9BF09ED6E0873DACDA51AD;;;;;;;;;;;;;;;
407;33;76.574.810-0;SCANIA FINANCE CHILE S.A.;99540;12-02-2026;0;2724689;517691;3242380;mox_BAEA38BD8A29D6C4733AF7D4FB4FC65B7D759E30;;;;;;;;;;;;;;;
408;33;76.574.810-0;SCANIA FINANCE CHILE S.A.;99559;12-02-2026;0;3089064;586922;3675986;mox_6F09CF944C28E77DE5FACDC231E17B53A62C1F34;;;;;;;;;;;;;;;
409;33;97.030.000-7;BANCO DEL ESTADO DE CHILE;4939652;12-02-2026;0;4448492;845213;5293705;mox_46CE9106210F4D8F7EF2B91CA05286391F96DCDA;;;;;;;;;;;;;;;
410;33;76.574.810-0;SCANIA FINANCE CHILE S.A.;99531;12-02-2026;0;1405549;267054;1672603;mox_F539F21AC15B945907D9961B062221335D933E72;;;;;;;;;;;;;;;
411;33;76.574.810-0;SCANIA FINANCE CHILE S.A.;99552;12-02-2026;0;3089064;586922;3675986;mox_F06638341F9405EC959F84D22A240C6A6E71A277;;;;;;;;;;;;;;;
412;33;76.574.810-0;SCANIA FINANCE CHILE S.A.;99529;12-02-2026;0;2239779;425558;2665337;mox_B124D287EA0B73EE0FE706637BC6AC7CC2B56BF1;;;;;;;;;;;;;;;
413;33;76.574.810-0;SCANIA FINANCE CHILE S.A.;99534;12-02-2026;0;1405549;267054;1672603;mox_9C83410CC4808EE757F3B15BDA6C41EDB4199B18;;;;;;;;;;;;;;;
414;33;76.574.810-0;SCANIA FINANCE CHILE S.A.;99528;12-02-2026;0;2239779;425558;2665337;mox_CC034FFD2BC81D5C839BF3CE2FA695E88A4DD354;;;;;;;;;;;;;;;
415;33;96.639.090-5;IMPORT EXPORT STOP S A;3108;13-02-2026;0;157526;29930;187456;mox_2FB457BB584FDA98FD44892BE61AB79319BC0B39;;;;;;;;;;;;;;;
416;33;99.289.000-2;METLIFE CHILE SEGUROS DE VIDA S.A.;824962;13-02-2026;9692673;1586907;301512;11581092;mox_35BDC51CF53536B8DFFCADDFD0E768E70811C670;;;;;;;;;;;;;;;
417;33;96.992.030-1;SOC CONCESIONARIA VESPUCIO NORTE EXPRESS S A;1251191;13-02-2026;4537304;27790;5280;4570374;mox_9E7EDA8B107D34896594C3F95D03E1AA4EF1FBFB;;;;;;;;;;;;;;;
418;33;7.485.360-9;FREDDY OSVALDO ROJAS BRAVO;514;13-02-2026;0;20000;3800;23800;mox_7A2EE8A49B4A7F1592B6F78C0AAF1042EA383F9D;;;;;;;;;;;;;;;
419;33;84.295.700-1;EMPRESA PERIODISTICA EL NORTE SOCIEDAD A;236737;13-02-2026;0;1109652;210834;1320486;mox_39674228CC7EA700B62501ED5F6E40EE44604DDB;;;;;;;;;;;;;;;
420;33;78.830.030-1;JAIME BRAVO Y CIA LTDA;9694;13-02-2026;0;1341186;254825;1596011;mox_367DEFE221E5F9CD1196ADCF70B4F4D6B8310205;;;;;;;;;;;;;;;
421;33;76.574.600-0;SERVICIOS HECTOR ROJAS GARATE E.I.R.L.;8496;13-02-2026;0;4847;921;5768;mox_67E3C07BFFA226CF2979199B5F09CA4892124DE4;;;;;;;;;;;;;;;
422;61;76.703.624-8;SOCIEDAD COMERCIAL IMPORTADORA Y EXPORTADORA SAFET;62;13-02-2026;0;25960;4932;30892;mox_2640C170FFCEAAB472A67EA5EABFDAFDD92F28C4;;;;;;;;;;;;;;;
423;61;5.475.469-8;JULIO ENRIQUE GARAY SOLORZA;26;13-02-2026;0;45378;8622;54000;mox_87628F5B865554D12BF2AE6FD9F2D0199E949F18;;;;;;;;;;;;;;;
424;33;79.649.140-K;AUTOMOTORES GILDEMEISTER SPA;3680904;13-02-2026;0;105000;19950;124950;mox_89014F92573CF5CD7DBBFA6D9FBB7E951A6BEEB9;;;;;;;;;;;;;;;
425;61;76.812.029-3;TACOGRAFOS ELECTRA ELISA LEDEZMA VILLALON E.I.R.L.;1;13-02-2026;0;85000;16150;101150;mox_5410CA0B03568F853E6D9515B49A4FB7F85AF799;;;;;;;;;;;;;;;
426;33;76.812.029-3;TACOGRAFOS ELECTRA ELISA LEDEZMA VILLALON E.I.R.L.;29;13-02-2026;0;85000;16150;101150;mox_81359FE3172D6EAA05E030E937D69A8FC1A09D18;;;;;;;;;;;;;;;
427;33;97.030.000-7;BANCO DEL ESTADO DE CHILE;4940119;13-02-2026;0;643582;122281;765863;mox_48CE3F4CCEF3DD0DA3CB28D85B5E5EF8D44A6101;;;;;;;;;;;;;;;
428;33;97.030.000-7;BANCO DEL ESTADO DE CHILE;4940121;13-02-2026;0;643582;122281;765863;mox_5467326C9F4627117799DCE6995D08EAECF3A07B;;;;;;;;;;;;;;;
429;33;97.030.000-7;BANCO DEL ESTADO DE CHILE;4940120;13-02-2026;0;643582;122281;765863;mox_0CBD34FE0CF586A472A476C0141364325F9B93A1;;;;;;;;;;;;;;;
430;33;97.004.000-5;BANCO DE CHILE;23853553;14-02-2026;0;80570;15308;95878;mox_BF6F7A6D8353DB6643124821EB43A5510AE23A8E;;;;;;;;;;;;;;;
431;33;99.061.000-2;LIBERTY COMPANIA DE SEGUROS GENERALES S A;4320164;14-02-2026;0;6976059;1325451;8301510;mox_8FD9204981F942882C451DBBC9A9033B7FA166D8;;;;;;;;;;;;;;;
432;33;76.098.695-K;OPTIMAL SOLUTIONS S.A.;2058;14-02-2026;0;1904571;361868;2266439;mox_30241E7FDE486B6BA0AB46FD7DD0F5508F4B6732;;;;;;;;;;;;;;;
433;33;76.098.695-K;OPTIMAL SOLUTIONS S.A.;2059;14-02-2026;0;1770446;336385;2106831;mox_897666100B2BD4BCCB89E7E6151AA0CBCEAAAFB6;;;;;;;;;;;;;;;
434;33;99.061.000-2;LIBERTY COMPANIA DE SEGUROS GENERALES S A;4197695;14-02-2026;48906;6946;1320;57172;mox_B16889F257247800729A5E886EDB7753722DC811;;;;;;;;;;;;;;;
435;33;99.061.000-2;LIBERTY COMPANIA DE SEGUROS GENERALES S A;4198664;14-02-2026;48944;6951;1321;57216;mox_EBFA71BD52DB81A6BC1B8DFAAD1C0BBE9911EDDC;;;;;;;;;;;;;;;
436;33;99.061.000-2;LIBERTY COMPANIA DE SEGUROS GENERALES S A;4199176;14-02-2026;575316;81887;15559;672762;mox_45C0F1790090BF2D975462F083BF438451D5A15D;;;;;;;;;;;;;;;
437;33;99.061.000-2;LIBERTY COMPANIA DE SEGUROS GENERALES S A;4198246;14-02-2026;575316;81887;15559;672762;mox_DE9C8CFF02EEF100555C9C8E07CBE9233804709C;;;;;;;;;;;;;;;
438;33;99.061.000-2;LIBERTY COMPANIA DE SEGUROS GENERALES S A;4198015;14-02-2026;395134;56215;10681;462030;mox_335A2C0F6F817E05D27BC17102DE96BFD30E6101;;;;;;;;;;;;;;;
439;33;99.061.000-2;LIBERTY COMPANIA DE SEGUROS GENERALES S A;4199499;14-02-2026;48906;6946;1320;57172;mox_9C8E77670A37E605F1C6459E281802DC65F0A4BF;;;;;;;;;;;;;;;
440;33;99.061.000-2;LIBERTY COMPANIA DE SEGUROS GENERALES S A;4200249;14-02-2026;69382;9913;1883;81178;mox_AAE674FB99644512795FEB6E7F57983F086DD77D;;;;;;;;;;;;;;;
441;33;99.061.000-2;LIBERTY COMPANIA DE SEGUROS GENERALES S A;4199842;14-02-2026;69328;9905;1882;81115;mox_9C31A9177E8595D114AB4FA1C20595B2426C41CC;;;;;;;;;;;;;;;
442;33;99.061.000-2;LIBERTY COMPANIA DE SEGUROS GENERALES S A;4201163;14-02-2026;395134;56215;10681;462030;mox_CB9A9444B67CF9C2BC10BD3C993D8DBB07D681F3;;;;;;;;;;;;;;;
443;33;99.061.000-2;LIBERTY COMPANIA DE SEGUROS GENERALES S A;4201063;14-02-2026;575761;81951;15571;673283;mox_B2BE1A31F83615D049F8A060CF5B60FF6D38385D;;;;;;;;;;;;;;;
444;33;99.061.000-2;LIBERTY COMPANIA DE SEGUROS GENERALES S A;4200930;14-02-2026;69328;9905;1882;81115;mox_892C4CE7FA306398E71E992D3ECB42BB70A718F5;;;;;;;;;;;;;;;
445;33;97.023.000-9;ITAU CORPBANCA;2827545;14-02-2026;0;80475;15290;95765;mox_06F6CCDFE34A0FB726E694DCB2C7DDEFDC256F58;;;;;;;;;;;;;;;
446;61;76.703.624-8;SOCIEDAD COMERCIAL IMPORTADORA Y EXPORTADORA SAFET;63;14-02-2026;0;245000;46550;291550;mox_D07E1C8CEB2123AACCCA2F586A9D2CE5FA9E89A3;;;;;;;;;;;;;;;
447;61;76.703.624-8;SOCIEDAD COMERCIAL IMPORTADORA Y EXPORTADORA SAFET;64;14-02-2026;0;525000;99750;624750;mox_341875BEE72E6908CCF01A1EBE87CE5BC123A84E;;;;;;;;;;;;;;;
448;33;76.703.624-8;SOCIEDAD COMERCIAL IMPORTADORA Y EXPORTADORA SAFET;771;14-02-2026;0;725990;137938;863928;mox_731F251D9DADF1252010E76F3F3BCCE896426901;;;;;;;;;;;;;;;
449;33;78.830.030-1;JAIME BRAVO Y CIA LTDA;9699;14-02-2026;0;159665;30336;190001;mox_E2C9B57E58833658BC5E0C2C9978FD31403CD0F0;;;;;;;;;;;;;;;
450;33;76.574.600-0;SERVICIOS HECTOR ROJAS GARATE E.I.R.L.;8549;15-02-2026;0;5277;1003;6280;mox_64B9AC2C44B2B55A00486B5C6BBADA53854085EF;;;;;;;;;;;;;;;
451;33;76.574.600-0;SERVICIOS HECTOR ROJAS GARATE E.I.R.L.;8562;15-02-2026;0;9764;1855;11619;mox_1AF286A41F488D558EAA84AE78840780AAAD0FA4;;;;;;;;;;;;;;;
452;33;12.338.406-7;RUBEN EDGARDO PAREDES SANCHEZ;1390;15-02-2026;0;214200;40698;254898;mox_17643C74CB01FCEC6D110529D461B1E52A1E9527;;;;;;;;;;;;;;;
453;33;76.321.649-7;OLEOHIDRAULICA PREDICTIVA MAMUT LIMITADA;4741;15-02-2026;0;11345;2156;13501;mox_7DCF717073E6B5124802CD356334AFA4B6C1797B;;;;;;;;;;;;;;;
454;34;96.718.420-9;RODOVIAS S A;3751;15-02-2026;2209050;0;0;2209050;mox_E31EE9D112433F36044806F2A76ED5F29A1DE52B;;;;;;;;;;;;;;;
455;61;12.338.406-7;RUBEN EDGARDO PAREDES SANCHEZ;72;15-02-2026;0;214200;40698;254898;mox_2BA7FCC5B29D61E872C19138BAF2732872E1DA6E;;;;;;;;;;;;;;;
456;33;76.574.600-0;SERVICIOS HECTOR ROJAS GARATE E.I.R.L.;8583;15-02-2026;0;2829;538;3367;mox_572E200DA441319813EE5B92C4E43BED2794C579;;;;;;;;;;;;;;;
457;33;92.475.000-6;KAUFMANN S A VEHICULOS MOTORIZADOS;1525738;15-02-2026;0;408047;77529;485576;mox_A29F2C048F3BBE863FD86FA6E92B4F5354D1898D;;;;;;;;;;;;;;;
458;33;97.030.000-7;BANCO DEL ESTADO DE CHILE;4940929;15-02-2026;0;643856;122333;766189;mox_4AB5485A9BF55E846E737217D73B5D413592890D;;;;;;;;;;;;;;;
459;33;76.449.122-K;KUPAL INVERSIONES LIMITADA;33;15-02-2026;0;12153000;2309070;14462070;mox_38C010D9BC7D0AEFB84C0933FB8FFFA56840D2D8;;;;;;;;;;;;;;;
460;33;97.006.000-6;BANCO DE CREDITO E INVERSIONES;16062394;15-02-2026;0;39487;7502;46989;mox_B6D0BB7A3B10AEC4ABA26DA890A6343742D1730F;;;;;;;;;;;;;;;
461;33;76.258.994-K;SERVICIOS DE AIRE ACONDICIONADO FRIO THERMAX LIMIT;158;16-02-2026;0;70000;13300;83300;mox_33DF534FDB9F48BC6DB591DC54DFF532C23C781B;;;;;;;;;;;;;;;
462;33;99.289.000-2;METLIFE CHILE SEGUROS DE VIDA S.A.;825381;16-02-2026;53250;1988128;377744;2419122;mox_AC2E07F5FA830C5B4B6F628284F7A968F1A90DFC;;;;;;;;;;;;;;;
463;33;99.289.000-2;METLIFE CHILE SEGUROS DE VIDA S.A.;825379;16-02-2026;0;112585;21391;133976;mox_4B274962F3BBBF93C082825203E01C59EA865850;;;;;;;;;;;;;;;
464;33;99.289.000-2;METLIFE CHILE SEGUROS DE VIDA S.A.;825380;16-02-2026;0;1672689;317811;1990500;mox_9E0082DDE03791184B231EC117A7330F8083A236;;;;;;;;;;;;;;;
465;33;9.756.303-9;ERNESTO MIGUEL CLAROS ARAMAYO;2698;16-02-2026;0;15000;2850;17850;mox_1A6B5D875AD151CE2AF4FA945340882647885127;;;;;;;;;;;;;;;
466;33;92.475.000-6;KAUFMANN S A VEHICULOS MOTORIZADOS;1523944;16-02-2026;0;637487;121123;758610;mox_E1CA72BBE4835139C7D5EB1C2FACBCD77C478CA6;;;;;;;;;;;;;;;
467;34;76.479.588-1;VIP CLASS S.A.;876;16-02-2026;89648;0;0;89648;mox_6669B3CCD805F6E5F04554E6E678FC7A5B024058;;;;;;;;;;;;;;;
468;34;76.479.588-1;VIP CLASS S.A.;877;16-02-2026;883678;0;0;883678;mox_B07B28C7CF583249948402B42F3EF4D3B53A4657;;;;;;;;;;;;;;;
469;34;76.479.588-1;VIP CLASS S.A.;878;16-02-2026;7744555;0;0;7744555;mox_EF6CBA2925CFAE74F9780629310C0D1FA4EB342D;;;;;;;;;;;;;;;
470;34;76.479.588-1;VIP CLASS S.A.;879;16-02-2026;22226;0;0;22226;mox_317E676BC0EC999AF4FF2A1CF971EC537A7DB887;;;;;;;;;;;;;;;
471;34;76.479.588-1;VIP CLASS S.A.;880;16-02-2026;894858;0;0;894858;mox_4947543C63BCAACACE84887839E4AABCA3C348F0;;;;;;;;;;;;;;;
472;34;76.479.588-1;VIP CLASS S.A.;881;16-02-2026;467387;0;0;467387;mox_F5F4F68BB35E9F57F1E6D1A0DEB1676E1C59E03D;;;;;;;;;;;;;;;
473;33;76.235.534-5;GLOBAL GROUP INGENIERIA SPA;1712;16-02-2026;0;1583132;300795;1883927;mox_66A06C60238FED9327BBA1462C9FA2B2EFBE55D3;;;;;;;;;;;;;;;
474;33;76.101.036-0;LUIS ALEJANDRO LOPEZ ALDAY TRANSPORTE DE PERSONAL;921;16-02-2026;0;390500;74195;464695;mox_E0C84265D8FCD58A29D627FBBC1BC1C1D2BC1338;;;;;;;;;;;;;;;
475;33;10.017.578-9;CHRISTIAN LORENZO MAYA VEAS;39;16-02-2026;0;3201;608;3809;mox_7BB163BB4F0A3AB941A922735E858F07445943C7;;;;;;;;;;;;;;;
476;34;76.479.588-1;VIP CLASS S.A.;882;16-02-2026;3164320;0;0;3164320;mox_4BF795BEA9DEB198DC99EA4558E97ACF4A7F95C1;;;;;;;;;;;;;;;
477;33;96.538.460-K;SCANIA CHILE S A;169043;16-02-2026;0;23650;4494;28144;mox_91B359B295DB96A7208F26C826476D3EBEACE605;;;;;;;;;;;;;;;
478;33;96.538.460-K;SCANIA CHILE S A;169045;16-02-2026;0;23650;4494;28144;mox_3A6831E397837F844F64275C3D1EED4742E61E2C;;;;;;;;;;;;;;;
479;33;96.538.460-K;SCANIA CHILE S A;169041;16-02-2026;0;83600;15884;99484;mox_038503C31A5382D5EB4E75C8C00C8D62DE43F26B;;;;;;;;;;;;;;;
480;33;96.538.460-K;SCANIA CHILE S A;169122;16-02-2026;0;215354;40917;256271;mox_888CEDD1AA15475DB1E92D82B99A83506D6E67C4;;;;;;;;;;;;;;;
481;33;96.538.460-K;SCANIA CHILE S A;169132;16-02-2026;0;372000;70680;442680;mox_50C09C75C4F85B432678284A1303BE084A32DA81;;;;;;;;;;;;;;;
482;33;97.030.000-7;BANCO DEL ESTADO DE CHILE;4941359;16-02-2026;0;2492614;473597;2966211;mox_ED0D2A0E491001F26EDA075184BE793C06CC1A26;;;;;;;;;;;;;;;
483;33;97.030.000-7;BANCO DEL ESTADO DE CHILE;4941357;16-02-2026;0;905172;171983;1077155;mox_54AEAC0D0B54621F97602A4D252652E5CA91578B;;;;;;;;;;;;;;;
484;33;97.004.000-5;BANCO DE CHILE;23800055;16-02-2026;0;3968765;754065;4722830;mox_E0DF0D51037E9B9584A18F92E2B230234A0152A0;;;;;;;;;;;;;;;
485;33;97.004.000-5;BANCO DE CHILE;23800052;16-02-2026;0;2868446;545005;3413451;mox_B0C0264361EB010BA4637172ABAE3EFE404DAC13;;;;;;;;;;;;;;;
486;33;97.004.000-5;BANCO DE CHILE;23800051;16-02-2026;0;1454739;276401;1731140;mox_90C7D3038117BC6E3335587B98C548DE28C2659D;;;;;;;;;;;;;;;
487;33;97.004.000-5;BANCO DE CHILE;23800054;16-02-2026;0;3211534;610192;3821726;mox_B51BC1890045B9E9C254F7AB3AC81505DA4755EB;;;;;;;;;;;;;;;
488;33;97.004.000-5;BANCO DE CHILE;23800053;16-02-2026;0;3897666;740557;4638223;mox_F66D3E1CD29F0BBFB9A303F46FE179B3D41E8B93;;;;;;;;;;;;;;;
489;33;76.395.799-3;SOCIEDAD COMERCIAL CD SPA;758;16-02-2026;0;245000;46550;291550;mox_CDFD78BF4F2FEB3B36265E2AD3C02E3CB2072B8F;;;;;;;;;;;;;;;
490;33;96.792.430-K;SODIMAC S A;88974906;17-02-2026;0;158398;30096;188494;mox_DDD7BFDE109D6ADE4727B36A62EEF9FFFB9C642B;;;;;;;;;;;;;;;
491;33;78.130.200-7;SOCIEDAD RODERIK AVILA Y COMPANIA LIMITADA;11084;19-02-2026;0;250000;47500;297500;mox_11749D991B75DCF1EFFD1F65838C129B6B174B54;;;;;;;;;;;;;;;
492;33;78.130.200-7;SOCIEDAD RODERIK AVILA Y COMPANIA LIMITADA;11085;19-02-2026;0;225000;42750;267750;mox_2F26E33119D808A97CF3CF93A44D62E8EF539962;;;;;;;;;;;;;;;
493;33;76.315.734-2;COMERCIALIZADORA DE PRODUCTOS DE LIMPIEZA PROLIMP;1572;19-02-2026;0;121950;23171;145121;mox_79E976BFD53577C6C1DB09E410FFBAE96C3B0056;;;;;;;;;;;;;;;
494;33;5.171.321-4;DOMITILA ANA FUENTES CRUZ;1471;19-02-2026;0;16387;3114;19501;mox_063EFD1D93237167CAF04A5D33354E72E92A3570;;;;;;;;;;;;;;;
495;33;8.212.201-K;EUGENIA LIDIA LOBOS DEVIA;240;19-02-2026;0;28948;5500;34448;mox_CBF4D43FFE4C761ABB7F08BC5ED32C4CFDDE369C;;;;;;;;;;;;;;;
496;33;9.191.945-1;JAVIER ENRIQUE DIAZ CHIA;2250;19-02-2026;0;29976;5695;35671;mox_B83BB87F80E07543A484703EAAC5F9B29EDD6B2E;;;;;;;;;;;;;;;
497;33;78.054.580-1;SOC COMERCIAL E INDUSTRIAL GONZALEZ Y CIA LTDA;2965;19-02-2026;0;18806;3573;22379;mox_D406BF898D76952B6FFEB47F5A48B8CE358A3497;;;;;;;;;;;;;;;
498;33;7.097.412-6;ANA JUSTINA VARAS CRUZ;4281;19-02-2026;0;2101;399;2500;mox_A87F519FE9FF604D1A23BFE79F3169D469B8ED70;;;;;;;;;;;;;;;
499;33;76.116.435-K;SOCIEDAD COMERCIAL E INVERSIONES LEO LOA S.A;142243;19-02-2026;0;25210;4790;30000;mox_650234B9C47BCF1C9218AF6F31DA81427B3E51A0;;;;;;;;;;;;;;;
500;33;76.299.557-3;REVISIONES TECNICAS UVT S.A;39859;19-02-2026;0;14076;2674;16750;mox_076B4107819D78658743D0349BCE6604BFED7736;;;;;;;;;;;;;;;
501;33;76.299.557-3;REVISIONES TECNICAS UVT S.A;39860;19-02-2026;0;14076;2674;16750;mox_B9AB6BF3AA39958E7D4A152390B817FA146B7B4D;;;;;;;;;;;;;;;
502;33;76.589.894-3;INATRANS SERVICIOS SPA;244;19-02-2026;0;200000;38000;238000;mox_0FE92C5104F833169B6B7C3B4DC3D211DD0EDAA9;;;;;;;;;;;;;;;
503;33;76.589.894-3;INATRANS SERVICIOS SPA;241;19-02-2026;0;520000;98800;618800;mox_CA3BE9B34BB32C00165EA0D80EE0FB7CBDE9114C;;;;;;;;;;;;;;;
504;33;76.589.894-3;INATRANS SERVICIOS SPA;245;19-02-2026;0;40000;7600;47600;mox_896E46623DAAD7B64EE1B756A5840EC31A057576;;;;;;;;;;;;;;;
505;33;76.589.894-3;INATRANS SERVICIOS SPA;243;19-02-2026;0;200000;38000;238000;mox_2FA451DA566B7969383F691669F11E05D0F31EC3;;;;;;;;;;;;;;;
506;34;76.589.894-3;INATRANS SERVICIOS SPA;455;19-02-2026;38695;0;0;38695;mox_4FFF312563DA164F677AD9EEFE6A690E105E6FBA;;;;;;;;;;;;;;;
507;33;76.589.894-3;INATRANS SERVICIOS SPA;239;19-02-2026;0;480000;91200;571200;mox_F8FD9C48BAD39DE1E98181BB115BE1D30CBE2456;;;;;;;;;;;;;;;
508;33;76.589.894-3;INATRANS SERVICIOS SPA;242;19-02-2026;0;40000;7600;47600;mox_E05851C1EC186E11DC8218EAB267ECED7E1A1AA4;;;;;;;;;;;;;;;
509;33;76.589.894-3;INATRANS SERVICIOS SPA;248;19-02-2026;0;40000;7600;47600;mox_CCEA4C9ADE74DF38DE4DD1CC3B75C4260FDADC52;;;;;;;;;;;;;;;
510;33;76.589.894-3;INATRANS SERVICIOS SPA;238;19-02-2026;0;40000;7600;47600;mox_172F6C9246E91249B7B42F199A4B7598D7A6DC08;;;;;;;;;;;;;;;
511;33;76.589.894-3;INATRANS SERVICIOS SPA;247;19-02-2026;0;80000;15200;95200;mox_B839C0C67DEFD8FF715609787B641EEC50C12D6E;;;;;;;;;;;;;;;
512;33;76.589.894-3;INATRANS SERVICIOS SPA;237;19-02-2026;0;45000;8550;53550;mox_29B49BA68777951A110EDB93E25D10D51E3039D3;;;;;;;;;;;;;;;
513;33;76.589.894-3;INATRANS SERVICIOS SPA;240;19-02-2026;0;80000;15200;95200;mox_D7B0E0A3E9C1F826CC662B7CF7987E7137CCA221;;;;;;;;;;;;;;;
514;34;76.589.894-3;INATRANS SERVICIOS SPA;456;19-02-2026;154780;0;0;154780;mox_47B8EAD59F3D3DCFA66E07EF8CAA99DFFFCCA3B2;;;;;;;;;;;;;;;
515;33;97.036.000-K;BANCO SANTANDER CHILE;27410702;19-02-2026;0;3728082;708335;4436417;mox_BD94D7BCDD9077821749BA11CE6B2B8913967D25;;;;;;;;;;;;;;;
516;33;97.036.000-K;BANCO SANTANDER CHILE;27410703;19-02-2026;0;2590670;492228;3082898;mox_B0A12343A3F830BCE2BFDE2215DF4A365B7F8606;;;;;;;;;;;;;;;
517;33;76.589.894-3;INATRANS SERVICIOS SPA;236;19-02-2026;0;45000;8550;53550;mox_AE42E7EB67B2CED9A23B598B6D4933106D390DE6;;;;;;;;;;;;;;;
518;33;76.589.894-3;INATRANS SERVICIOS SPA;246;19-02-2026;0;64000;12160;76160;mox_868FA8B5C9CA7D7508C32F621E031F32FFBE71B2;;;;;;;;;;;;;;;
519;33;97.018.000-1;SCOTIABANK CHILE;5230823;19-02-2026;0;7769145;1476138;9245283;mox_344BF864D78005DAACAB296A778CE253530B2105;;;;;;;;;;;;;;;
520;33;97.018.000-1;SCOTIABANK CHILE;5230806;19-02-2026;0;977438;185713;1163151;mox_A03BA85ADCA006FC46B5A5CF6A9E8B1FE292557E;;;;;;;;;;;;;;;
521;33;97.018.000-1;SCOTIABANK CHILE;5230797;19-02-2026;0;1776792;337590;2114382;mox_11C9CC12032CE93CF32734A30B6D319099ABC0AB;;;;;;;;;;;;;;;
522;33;97.018.000-1;SCOTIABANK CHILE;5230805;19-02-2026;0;1522411;289258;1811669;mox_DABDA271A56320A9DFB883D33FA96888D723C39C;;;;;;;;;;;;;;;
523;33;97.018.000-1;SCOTIABANK CHILE;5230795;19-02-2026;0;1776792;337590;2114382;mox_77B40B7F1818B68CECFF99645EF7E067A097EEAC;;;;;;;;;;;;;;;
524;33;97.018.000-1;SCOTIABANK CHILE;5230798;19-02-2026;0;1146625;217859;1364484;mox_044E0CB1617251CE9AAC6C91C86A459B26D83631;;;;;;;;;;;;;;;
525;33;97.018.000-1;SCOTIABANK CHILE;5230800;19-02-2026;0;1522411;289258;1811669;mox_4A42B4AEB0478A2F448E82FD82B29EABDBF22DBF;;;;;;;;;;;;;;;
526;33;97.018.000-1;SCOTIABANK CHILE;5230822;19-02-2026;0;7769145;1476138;9245283;mox_99F9182FDD10332720B9595B0BA96B728734318A;;;;;;;;;;;;;;;
527;33;97.018.000-1;SCOTIABANK CHILE;5230821;19-02-2026;0;7769145;1476138;9245283;mox_901784E6AA3AD94E6FDA0148187D06A3698D3EA0;;;;;;;;;;;;;;;
528;33;97.018.000-1;SCOTIABANK CHILE;5230799;19-02-2026;0;1522411;289258;1811669;mox_5D4FF3EDB8362CDFA5000B9522B017C6D52B13F6;;;;;;;;;;;;;;;
529;33;97.018.000-1;SCOTIABANK CHILE;5230824;19-02-2026;0;845417;160629;1006046;mox_2403B7A856BDF56536766C153252344D3ADE8B52;;;;;;;;;;;;;;;
530;33;97.018.000-1;SCOTIABANK CHILE;5230796;19-02-2026;0;1776792;337590;2114382;mox_0B1202F376F8663B8C76BD0032AEAE0EC544A5E0;;;;;;;;;;;;;;;
531;33;97.004.000-5;BANCO DE CHILE;23812977;19-02-2026;0;1397112;265451;1662563;mox_DFB00FB7633E2C1432109A0CCC6566BEED2DF545;;;;;;;;;;;;;;;
532;33;97.004.000-5;BANCO DE CHILE;23812975;19-02-2026;0;1397112;265451;1662563;mox_B2E132A66B1049562949960795F3AEE4B100A44F;;;;;;;;;;;;;;;
533;33;97.004.000-5;BANCO DE CHILE;23812978;19-02-2026;0;5669541;1077213;6746754;mox_7E888FBBBA5FFC9C0DA03D5F3BE81068A26939CD;;;;;;;;;;;;;;;
534;33;97.004.000-5;BANCO DE CHILE;23812976;19-02-2026;0;2267907;430902;2698809;mox_E8DCE4341A5C80015DB61A4302FA5179CF76ED18;;;;;;;;;;;;;;;
535;33;97.023.000-9;ITAU CORPBANCA;2858822;20-02-2026;0;26885;5108;31993;mox_3F356C8CA446C00614F14B385C967F25E6F372A1;;;;;;;;;;;;;;;
536;33;76.258.994-K;SERVICIOS DE AIRE ACONDICIONADO FRIO THERMAX LIMIT;160;20-02-2026;0;126000;23940;149940;mox_B8AEAA9DBB55209C8C9BAFD298D18BE82134655D;;;;;;;;;;;;;;;
537;33;8.549.399-K;EDUARDO PATRICIO VILLARROEL VILLALOBOS;3050;20-02-2026;0;240000;45600;285600;mox_A01E23FC324F2FCE5EF08087A7DF328C5C3D14F8;;;;;;;;;;;;;;;
538;33;76.307.553-2;BK SPA;23124;20-02-2026;0;3657754;694973;4352727;mox_E3D2D67F3541A92622F62DAC99A14FE50B3254BA;;;;;;;;;;;;;;;
539;33;76.307.553-2;BK SPA;23130;20-02-2026;0;973863;185034;1158897;mox_0EFD11D9743934AA86940BF054B90197A64C8AF7;;;;;;;;;;;;;;;
540;34;12.398.638-5;KARLA VALESKA NUNEZ COLLADO;5328;20-02-2026;325000;0;0;325000;mox_3D2EA08288017B8A25D2A7C00E9817D2FE3FBC61;;;;;;;;;;;;;;;
541;33;76.677.472-5;GRUAS Y SERVICIOS SEGOVIA SPA;742;20-02-2026;0;400000;76000;476000;mox_5E037A35418A39D114FFA483D767AD90F2690DBF;;;;;;;;;;;;;;;
542;33;77.230.710-1;COMERCIAL CABALTECA LTDA;41395;20-02-2026;0;70284;13354;83638;mox_5AA75D57B3CA57C50117276D54F4FF673D7BDC2E;;;;;;;;;;;;;;;
543;33;5.171.321-4;DOMITILA ANA FUENTES CRUZ;1475;20-02-2026;0;16807;3193;20000;mox_62553D7D22004839279E8A3BD8EB20DD16F92A14;;;;;;;;;;;;;;;
544;34;76.479.588-1;VIP CLASS S.A.;885;20-02-2026;29655;0;0;29655;mox_C99C09136BE423160312A62D66677BF0253F45FB;;;;;;;;;;;;;;;
545;33;79.802.860-K;AUTOMOTRIZ PORTILLO S A;230975;20-02-2026;0;195282;37104;232386;mox_BDDD82078544491FDE7F598B386F10520DE00E3D;;;;;;;;;;;;;;;
546;33;12.581.822-6;ANGELICA XIMENA MUNOZ PEREIRA;355;20-02-2026;0;680650;129324;809974;mox_D6305F3045B2219C90D65E298C64ED4CA6B4EF7F;;;;;;;;;;;;;;;
547;33;12.581.822-6;ANGELICA XIMENA MUNOZ PEREIRA;365;20-02-2026;0;226750;43083;269833;mox_9ABC10FBEB85188D347CF991C0EAC4E5DE39D5E7;;;;;;;;;;;;;;;
548;33;97.030.000-7;BANCO DEL ESTADO DE CHILE;4942349;20-02-2026;0;1752433;332962;2085395;mox_FA4CC10694340522D73D583EAB303C3158494182;;;;;;;;;;;;;;;
549;33;99.289.000-2;METLIFE CHILE SEGUROS DE VIDA S.A.;825508;20-02-2026;0;140984;26787;167771;mox_ED73E6B6BB4AF670B5E3DCFD539AB4DCCD1B9915;;;;;;;;;;;;;;;
550;33;91.335.000-6;INDURA S.A.;3899634;20-02-2026;0;35732;6789;42521;mox_B2C738B1793CF327C074058929EBF7F2AEA4EAED;;;;;;;;;;;;;;;
551;33;97.006.000-6;BANCO DE CREDITO E INVERSIONES;16078772;20-02-2026;0;39522;7509;47031;mox_45DD9056D26370BFD9C988F562E9F220601E5F38;;;;;;;;;;;;;;;
552;33;76.132.677-5;COMERCIALIZADORA JUANA CATALDO E HIJOS LIMITADA;1161;21-02-2026;0;504359;95828;600187;mox_7BCCBDFCC2980A5731878D76E953E03C101F77D7;;;;;;;;;;;;;;;
553;33;76.574.600-0;SERVICIOS HECTOR ROJAS GARATE E.I.R.L.;8762;21-02-2026;0;2008;382;2390;mox_E1AEFE99DE133D32D3C8A32049A53A035DA7E5D7;;;;;;;;;;;;;;;
554;33;76.132.677-5;COMERCIALIZADORA JUANA CATALDO E HIJOS LIMITADA;1162;21-02-2026;0;287980;54716;342696;mox_BB8B708B4A58EE5243D0B305575424E4FD7A3E70;;;;;;;;;;;;;;;
555;33;9.865.551-4;EDUARDO JAVIER ZEPEDA BARRAZA;24811;21-02-2026;0;2437;463;2900;mox_7F86D590EC4821399A54F2E91A6182CE488A2229;;;;;;;;;;;;;;;
556;33;76.442.528-6;SOCIEDAD DE INVERSIONES CAMBUG SPA;138;21-02-2026;0;102101;19399;121500;mox_7657A6C952B5CD46BC1D8CA26EAFB0F0C74B0BD4;;;;;;;;;;;;;;;
557;33;11.125.922-4;ANGEL RICARDO AGUIRRE GONZALEZ;95;21-02-2026;0;242500;46075;288575;mox_C5D5A9F33D539A51D26CE7BEF67087521C2000A1;;;;;;;;;;;;;;;
558;33;11.125.922-4;ANGEL RICARDO AGUIRRE GONZALEZ;96;21-02-2026;0;864000;164160;1028160;mox_CFDB02F78238EA62CBBA4F70547682E6E0810A16;;;;;;;;;;;;;;;
559;33;11.125.922-4;ANGEL RICARDO AGUIRRE GONZALEZ;97;21-02-2026;0;1728210;328360;2056570;mox_61001C2AE0540F2DA2C0738722A3DBA925755DD5;;;;;;;;;;;;;;;
560;33;11.125.922-4;ANGEL RICARDO AGUIRRE GONZALEZ;99;21-02-2026;0;67000;12730;79730;mox_A37F05E63ED9A0583FB86DC9047AF8BD19493234;;;;;;;;;;;;;;;
561;33;79.802.860-K;AUTOMOTRIZ PORTILLO S A;214907;21-02-2026;0;216345;41106;257451;mox_0C973533F24B74D08B9FA0BECDDDA4FCCF831860;;;;;;;;;;;;;;;
562;33;79.802.860-K;AUTOMOTRIZ PORTILLO S A;214908;21-02-2026;0;121849;23151;145000;mox_A35CA6271C0F9139925105345068A06634B37BB9;;;;;;;;;;;;;;;
563;33;78.543.960-0;SOCIEDAD COMERCIAL FERNANDEZ Y COMPANIA SPA;25069;21-02-2026;0;10866;2065;12931;mox_4C957B5E5E32A9FC94BC94DE5BBF6A4C5D3F8913;;;;;;;;;;;;;;;
564;33;77.869.040-3;COMERCIAL MUNDO LCV LIMITADA;9702;21-02-2026;0;360084;68416;428500;mox_B36F9358E2D5CED0B4CD022B765B5EEE4BA5666E;;;;;;;;;;;;;;;
565;33;77.869.040-3;COMERCIAL MUNDO LCV LIMITADA;9701;21-02-2026;0;754549;143364;897913;mox_36C35781491AD1EB52BDA5EC30609BF36A55CDC3;;;;;;;;;;;;;;;
566;33;7.097.412-6;ANA JUSTINA VARAS CRUZ;4297;21-02-2026;0;2101;399;2500;mox_038134F67BC069F2E96CB08DA24DC6B27401690B;;;;;;;;;;;;;;;
567;33;97.004.000-5;BANCO DE CHILE;23818291;21-02-2026;0;2564185;487195;3051380;mox_60276E223FC14146E019E6D3C1745674EDDE72DA;;;;;;;;;;;;;;;
568;33;97.004.000-5;BANCO DE CHILE;23818290;21-02-2026;0;7944290;1509415;9453705;mox_3734C5BE2AA388B8B103A9D6F9C51328D29903C2;;;;;;;;;;;;;;;
569;33;97.004.000-5;BANCO DE CHILE;23818292;21-02-2026;0;4624326;878622;5502948;mox_04C751E50BF281169A96183C1069DF9ED60188C6;;;;;;;;;;;;;;;
570;33;76.574.600-0;SERVICIOS HECTOR ROJAS GARATE E.I.R.L.;8779;22-02-2026;0;13814;2625;16439;mox_5258AA935F1045270F3CF0E131A24A26C1FBC478;;;;;;;;;;;;;;;
571;33;96.591.760-8;TRULY NOLEN CHILE S A;161499;22-02-2026;0;120712;22935;143647;mox_13E237EDB808043307C0FFEBAA8F798BBA11E587;;;;;;;;;;;;;;;
572;33;96.591.760-8;TRULY NOLEN CHILE S A;161501;22-02-2026;0;547228;103973;651201;mox_DB6B428BED77E03AA5E5710C4355AD45423E6CAE;;;;;;;;;;;;;;;
573;33;96.591.760-8;TRULY NOLEN CHILE S A;161502;22-02-2026;0;619245;117657;736902;mox_FE186739E259129581700BD6902232C38E7E69C2;;;;;;;;;;;;;;;
574;33;96.591.760-8;TRULY NOLEN CHILE S A;161500;22-02-2026;0;121157;23020;144177;mox_C207EACB726FD594C0FA455CA7C124B5E9387D12;;;;;;;;;;;;;;;
575;33;92.475.000-6;KAUFMANN S A VEHICULOS MOTORIZADOS;1516194;22-02-2026;0;43819;8326;52145;mox_2359D80551A613EC72893ADFF2EC183F73A36A13;;;;;;;;;;;;;;;
576;33;96.538.460-K;SCANIA CHILE S A;169962;22-02-2026;0;653087;124087;777174;mox_165DFED0BCB45E38A620257D205AA68FBE8021DF;;;;;;;;;;;;;;;
577;33;76.556.600-2;SOCIEDAD IMPORTADORA ACQUATECNIA LIMITADA;9777;22-02-2026;0;316000;60040;376040;mox_A7354D8ED033519E45EF849704058A1508EB4631;;;;;;;;;;;;;;;
578;33;76.574.600-0;SERVICIOS HECTOR ROJAS GARATE E.I.R.L.;8807;22-02-2026;0;1050;200;1250;mox_13FC268FE33ECAFFACEC1B2C5D81638009554814;;;;;;;;;;;;;;;
579;33;92.475.000-6;KAUFMANN S A VEHICULOS MOTORIZADOS;1534086;22-02-2026;0;2708653;514644;3223297;mox_271B0EC9C46EFFF8D6B5E531958C22E1ACB7BCF1;;;;;;;;;;;;;;;
580;61;96.538.460-K;SCANIA CHILE S A;10647;22-02-2026;0;653087;124087;777174;mox_864E69BA6EA8BB3E80632EA07564DA716D4D3867;;;;;;;;;;;;;;;
581;33;97.004.000-5;BANCO DE CHILE;23822045;22-02-2026;0;419018;79614;498632;mox_2B986F15B46A44306286915C21F3494AD2CE9887;;;;;;;;;;;;;;;
582;33;97.004.000-5;BANCO DE CHILE;23822046;22-02-2026;0;1103371;209640;1313011;mox_D4CC2ED9210FCD56EE9944B421C78C99DDD58521;;;;;;;;;;;;;;;
583;33;97.004.000-5;BANCO DE CHILE;23822047;22-02-2026;0;1910651;363024;2273675;mox_B2B087876F0918F79B503024C250BF7FC7195B89;;;;;;;;;;;;;;;
584;33;97.004.000-5;BANCO DE CHILE;23822044;22-02-2026;0;553719;105207;658926;mox_597A5CDE853D46A216F2829584E248C7FB6DB76E;;;;;;;;;;;;;;;
585;33;76.761.540-K;LEASING PATAGONIA SA;57398;22-02-2026;0;528570;100428;628998;mox_7639C79E829A2B389FA407E69CA268A275ECDA38;;;;;;;;;;;;;;;
586;33;97.018.000-1;SCOTIABANK CHILE;5231196;22-02-2026;0;104620;19878;124498;mox_2B7D9DC191583EBCA8A6E65B54A390E65BC5A2A9;;;;;;;;;;;;;;;
587;33;97.018.000-1;SCOTIABANK CHILE;5231199;22-02-2026;0;2921902;555161;3477063;mox_CD3BED10D107A8EC468F337F5455AFC6657A6FFA;;;;;;;;;;;;;;;
588;33;97.018.000-1;SCOTIABANK CHILE;5231235;22-02-2026;0;6858728;1303158;8161886;mox_88D077CF44AA4332F17CB96B94A5382A2492D6B4;;;;;;;;;;;;;;;
589;33;97.018.000-1;SCOTIABANK CHILE;5231228;22-02-2026;0;127870;24295;152165;mox_82C981FC3BF4A48217E4D051ABE53C8F70958738;;;;;;;;;;;;;;;
590;33;97.018.000-1;SCOTIABANK CHILE;5231234;22-02-2026;0;244881;46527;291408;mox_1CA9526C5380AF2CBADF78340A24593E91216630;;;;;;;;;;;;;;;
591;33;97.018.000-1;SCOTIABANK CHILE;5231239;22-02-2026;0;6993244;1328716;8321960;mox_4D8B3D9E3817127D61F13F39A606E8AAB97A49CF;;;;;;;;;;;;;;;
592;33;97.018.000-1;SCOTIABANK CHILE;5231197;22-02-2026;0;4868741;925061;5793802;mox_C50DFE58DDFFEFCBFD26B8E164BFF1ECF4107487;;;;;;;;;;;;;;;
593;33;97.018.000-1;SCOTIABANK CHILE;5231198;22-02-2026;0;185963;35333;221296;mox_ECC02558FB0CCC709B5A3DE3AEBC8BF635940372;;;;;;;;;;;;;;;
594;33;97.018.000-1;SCOTIABANK CHILE;5231231;22-02-2026;0;9142699;1737113;10879812;mox_31E6ABFCEB4186C823705B91F66F1FC4F1CA07B5;;;;;;;;;;;;;;;
595;33;97.018.000-1;SCOTIABANK CHILE;5231230;22-02-2026;0;312880;59447;372327;mox_25D38F81317799BF12728668C830A99F4FF05F37;;;;;;;;;;;;;;;
596;33;97.018.000-1;SCOTIABANK CHILE;5231240;22-02-2026;0;244881;46527;291408;mox_213B46F2F55D06A403F19F59F51384FBD06B9A15;;;;;;;;;;;;;;;
597;33;97.018.000-1;SCOTIABANK CHILE;5231195;22-02-2026;0;2142741;407121;2549862;mox_F5CDA7080B20BB102F253712040EEE4C34EF67C4;;;;;;;;;;;;;;;
598;33;97.018.000-1;SCOTIABANK CHILE;5231241;22-02-2026;0;6993244;1328716;8321960;mox_14D8A508FD65D57E1B17FE79E2A4E5846BF76837;;;;;;;;;;;;;;;
599;33;97.018.000-1;SCOTIABANK CHILE;5231229;22-02-2026;0;9322009;1771182;11093191;mox_F5C4453D292C544D73B7FF053D2941D8A961A7D0;;;;;;;;;;;;;;;
600;33;76.512.858-7;ESCAPES SANTANDER SPA;357;23-02-2026;0;1000000;190000;1190000;mox_B68C7064B0A66AAFBBF182877E0CBE8A0C32A038;;;;;;;;;;;;;;;
601;33;76.574.600-0;SERVICIOS HECTOR ROJAS GARATE E.I.R.L.;8819;23-02-2026;0;2215;421;2636;mox_36FD1566D10AB75799C3018326BC4C4229A58CA9;;;;;;;;;;;;;;;
602;33;77.654.980-0;IMPORTADORA Y DISTRIBUIDORA DE ARTICULOS PARA LA I;281782;23-02-2026;0;14200;2698;16898;mox_3E9DD3F53CB8C3798134D94D5496FD269CBFCE6D;;;;;;;;;;;;;;;
603;33;8.212.201-K;EUGENIA LIDIA LOBOS DEVIA;269;23-02-2026;0;5462;1038;6500;mox_2DB989F42AAA4D350CB80183EB40C220CFED2067;;;;;;;;;;;;;;;
604;33;76.574.600-0;SERVICIOS HECTOR ROJAS GARATE E.I.R.L.;8828;23-02-2026;0;9041;1718;10759;mox_229F749518C78A9E20FFD08D1D75DB6F43B6429E;;;;;;;;;;;;;;;
605;33;79.534.260-5;PETRINOVIC Y CIA LTDA;6814;23-02-2026;0;175000;33250;208250;mox_5751BE3122CD5032934D6297D6C3B8F925BF1530;;;;;;;;;;;;;;;
606;33;96.538.460-K;SCANIA CHILE S A;170181;23-02-2026;0;264000;50160;314160;mox_0CCB5C75801512D19758B24B04597872FB376B2C;;;;;;;;;;;;;;;
607;34;99.508.950-5;TRANSPORTE PRIVADO ECOTRANS CHILE S A;33400;23-02-2026;8515010;0;0;8515010;mox_E977FF1E263608C1FA70351392904B3C115B1F9E;;;;;;;;;;;;;;;
608;33;5.171.321-4;DOMITILA ANA FUENTES CRUZ;1479;23-02-2026;0;14621;2778;17399;mox_8163EBADD17DAED4C07FB0EF7124BDE0952A9EF6;;;;;;;;;;;;;;;
609;33;91.335.000-6;INDURA S.A.;3888333;23-02-2026;0;18810;3574;22384;mox_5BDDF3404E0C338A144636DAA8627DC613749531;;;;;;;;;;;;;;;
610;33;97.030.000-7;BANCO DEL ESTADO DE CHILE;4943567;23-02-2026;0;647355;122998;770353;mox_8FDF3BD4E8D69727D66F0F560E520D274D0799EE;;;;;;;;;;;;;;;
611;33;97.030.000-7;BANCO DEL ESTADO DE CHILE;4943566;23-02-2026;0;647355;122998;770353;mox_A4BA6EA36AC6DEDD0B18735B7D71D50A7C35FA6F;;;;;;;;;;;;;;;
612;33;76.375.328-K;SOCIEDAD COMERCIAL Y SERVICIOS LUBRISHELL LIMITADA;73454;23-02-2026;0;7983;1517;9500;mox_938D093A64CD6E55BCD5CE6953D70548C2C86AD9;;;;;;;;;;;;;;;
613;33;77.618.350-4;ANDRES SOTO RODRIGUEZ Y COMPANIA LIMITADA;62863;23-02-2026;0;4874;926;5800;mox_8D5563A23B0D98E3F30181E227480844091EC7FA;;;;;;;;;;;;;;;
614;33;92.475.000-6;KAUFMANN S A VEHICULOS MOTORIZADOS;1538704;23-02-2026;0;1360681;258529;1619210;mox_395A5822EC8A4C998004155ED1B702A3E55F90C7;;;;;;;;;;;;;;;
615;33;97.006.000-6;BANCO DE CREDITO E INVERSIONES;16084621;23-02-2026;0;39543;7513;47056;mox_76F156DE3D4532217840540868BBC8FD70678568;;;;;;;;;;;;;;;
616;33;76.574.600-0;SERVICIOS HECTOR ROJAS GARATE E.I.R.L.;8872;24-02-2026;0;5857;1113;6970;mox_8A74D3E5F5F3A653A961055CCBEE56C6923248BF;;;;;;;;;;;;;;;
617;33;76.084.563-9;HERCO CONTROL DE PLAGAS LIMITADA;163;24-02-2026;0;655000;124450;779450;mox_DF2B1A0EB40A0978722F2A1AADB66E31818CA1DD;;;;;;;;;;;;;;;
618;33;96.787.360-8;INTEREXPORT TELECOMUNICACIONES Y SERVICIOS S A;42304;25-02-2026;0;2297163;436461;2733624;mox_55165DC5AAE6CE61F0F510E4518CBD5EA6995795;;;;;;;;;;;;;;;
619;33;96.787.360-8;INTEREXPORT TELECOMUNICACIONES Y SERVICIOS S A;42305;25-02-2026;0;1274670;242187;1516857;mox_38DF435F64F8241ABAF0EECAA8BD3645FB370118;;;;;;;;;;;;;;;
620;33;96.787.360-8;INTEREXPORT TELECOMUNICACIONES Y SERVICIOS S A;42226;25-02-2026;0;1310430;248982;1559412;mox_18FEE860AF74A3EEFC51353AC4FA9BE6E639AF73;;;;;;;;;;;;;;;
621;33;96.945.440-8;SOC CONCESIONARIA AUTOPISTA CENTRAL S A;3472471;26-02-2026;6474911;242094;45998;6763003;mox_BA00E8637A2A18D75CFFBA26CD844DC06E4E8085;;;;;;;;;;;;;;;
622;34;96.945.440-8;SOC CONCESIONARIA AUTOPISTA CENTRAL S A;5340624;26-02-2026;3123237;0;0;3123237;mox_DDEF13D8CC449454EBBC91A808E1CAC7C7E33FA2;;;;;;;;;;;;;;;
623;33;97.004.000-5;BANCO DE CHILE;23853554;26-02-2026;0;80742;15341;96083;mox_C672B72AA0FBAD854E2C1759C14D324AD691AEC1;;;;;;;;;;;;;;;
624;33;97.080.000-K;BANCO BICE;1395053;26-02-2026;0;1270624;241419;1512043;mox_00AE340643B936810C73F8B9AA73D5B0371C5985;;;;;;;;;;;;;;;
625;33;97.080.000-K;BANCO BICE;1395052;26-02-2026;0;978337;185884;1164221;mox_04FDA968D50EF89F71B03E9EBA2F06B89EDBDFF5;;;;;;;;;;;;;;;
626;33;76.315.734-2;COMERCIALIZADORA DE PRODUCTOS DE LIMPIEZA PROLIMP;1576;26-02-2026;0;246490;46833;293323;mox_7C1EE5F2B04B0E4939C3403016864428E1A00271;;;;;;;;;;;;;;;
627;33;9.191.945-1;JAVIER ENRIQUE DIAZ CHIA;2279;26-02-2026;0;87500;16625;104125;mox_2496DA889F1B3FD6416B80E0AE974E7FC6A424DB;;;;;;;;;;;;;;;
628;34;76.410.180-4;MUTUAL DE SEGURIDAD CAPACITACION S A;43844;26-02-2026;35000;0;0;35000;mox_6FF96AB39A73376C3B43CE4B2B5BDC79305EB048;;;;;;;;;;;;;;;
629;33;96.651.910-K;COMPASS CATERING S A;94512;26-02-2026;0;1088730;206859;1295589;mox_DB42D26EEDDE28ADB79E386EB0F7174FCDB7A4C8;;;;;;;;;;;;;;;
630;33;76.060.549-2;PLAGACCION, PROTECCION CONTRA PLAGAS LIMITADA;5439;26-02-2026;0;150000;28500;178500;mox_5099112C8627D84A213596FD3F9942C9DF29B775;;;;;;;;;;;;;;;
631;33;76.273.807-4;DISTRIBUIDORA MARIA RIQUELME GONZALEZ E.I.R.L.;3205;26-02-2026;0;617655;117354;735009;mox_D168DFEEEA8F0ECD7733291320231341777D6083;;;;;;;;;;;;;;;
632;33;96.538.460-K;SCANIA CHILE S A;170394;26-02-2026;0;13161256;2500639;15661895;mox_CED3F24B492502431FFD1D70ADA5816F16BD10D4;;;;;;;;;;;;;;;
633;33;99.301.000-6;SEGUROS VIDA SECURITY PREVISION S A;1013939;26-02-2026;0;140961;26783;167744;mox_7BB2E1897C6D64F3F98CFC5B99D590924BB70CCE;;;;;;;;;;;;;;;
634;34;76.373.856-6;PABLO ANÍBAL MOLINA GUERRERO CAPACITACIÓN E.I.R.L.;58;26-02-2026;700000;0;0;700000;mox_EBF4B86ECB980287351A9172337BA3E0E0469AAD;;;;;;;;;;;;;;;
635;33;94.623.000-6;SODEXO CHILE S A;239879;26-02-2026;0;1768200;335958;2104158;mox_C7DBF92E7724E3896EC6FBDFD296D32CF8E50816;;;;;;;;;;;;;;;
636;34;99.301.000-6;SEGUROS VIDA SECURITY PREVISION S A;1010587;26-02-2026;459367;0;0;459367;mox_67677126A92CFFC035471F839702506EE93E8FB7;;;;;;;;;;;;;;;
637;33;96.538.460-K;SCANIA CHILE S A;170564;26-02-2026;0;268200;50958;319158;mox_D78AB8A9C3B6288B26BE81F0375C5754A1961DFC;;;;;;;;;;;;;;;
638;33;77.919.930-4;LA ESTRELLA LEASING LIMITADA;7654;26-02-2026;0;10449266;1985361;12434627;mox_898FBF530DC06B2CAD7F042FD0D07DF1B5A609B3;;;;;;;;;;;;;;;
639;33;97.004.000-5;BANCO DE CHILE;23845061;26-02-2026;0;11026417;2095019;13121436;mox_685B0EC5209F799B3E04AB9C54CB1743E6B88531;;;;;;;;;;;;;;;
640;33;97.004.000-5;BANCO DE CHILE;23845065;26-02-2026;0;7275124;1382274;8657398;mox_4A49DBECF96A0D8D27999117F01473BEE356C7C8;;;;;;;;;;;;;;;
641;33;97.004.000-5;BANCO DE CHILE;23845067;26-02-2026;0;2233952;424451;2658403;mox_2046B3BC638B26ACB4F4025C9FE00EE1B96BF9B1;;;;;;;;;;;;;;;
642;33;97.004.000-5;BANCO DE CHILE;23845063;26-02-2026;0;12404691;2356891;14761582;mox_5D45594B26C2CF40E5360B8839F013921E200DA5;;;;;;;;;;;;;;;
643;33;97.004.000-5;BANCO DE CHILE;23845066;26-02-2026;0;13054419;2480340;15534759;mox_2AB2165A1ACDFC49F52DC5206EC9E4D5534449F2;;;;;;;;;;;;;;;
644;33;97.004.000-5;BANCO DE CHILE;23845064;26-02-2026;0;7277118;1382653;8659771;mox_B38EF2855DACC005369EC397147673AB3B39322A;;;;;;;;;;;;;;;
645;33;97.004.000-5;BANCO DE CHILE;23845062;26-02-2026;0;12404691;2356891;14761582;mox_81D33F6D046065728C5B3D0CD993C72C279A7752;;;;;;;;;;;;;;;
646;33;97.004.000-5;BANCO DE CHILE;23845068;26-02-2026;0;5823392;1106444;6929836;mox_88A2AD8058B7F5B05166F988F9AACBAA2C21C50D;;;;;;;;;;;;;;;
647;34;76.304.900-0;SOCIEDAD ESCUELA DE CONDUCTORES CORDILLERA LIMITAD;1585;26-02-2026;152000;0;0;152000;mox_774B4CA5EB25483288A34E974F8312E3678A2C50;;;;;;;;;;;;;;;
648;33;97.004.000-5;BANCO DE CHILE;23879140;27-02-2026;0;42920;8155;51075;mox_F06DD8314525A827EEEECCD854ECFFF62BE97D34;;;;;;;;;;;;;;;
649;33;97.004.000-5;BANCO DE CHILE;23928588;27-02-2026;0;42920;8155;51075;mox_F02B70CE4CF99F09E34EBCD8E428FCA16FFEA3E9;;;;;;;;;;;;;;;
650;33;97.023.000-9;ITAU CORPBANCA;2860406;27-02-2026;0;53828;10227;64055;mox_E2CE17DD2A22AAB9F903CC5E0D736E184D91508D;;;;;;;;;;;;;;;
651;34;76.410.180-4;MUTUAL DE SEGURIDAD CAPACITACION S A;43938;27-02-2026;53900;0;0;53900;mox_B5500C85BB06E83617D0FC49EA8A16C43A23F83A;;;;;;;;;;;;;;;
652;34;76.479.588-1;VIP CLASS S.A.;890;27-02-2026;6164394;0;0;6164394;mox_73DF56AE49A8F9D4C2D54A274D07A0CDCD26D4EF;;;;;;;;;;;;;;;
653;34;76.479.588-1;VIP CLASS S.A.;891;27-02-2026;44306;0;0;44306;mox_D0209E538622E0CA27CD488183273A10C2C9739A;;;;;;;;;;;;;;;
654;33;79.802.860-K;AUTOMOTRIZ PORTILLO S A;233502;27-02-2026;0;121849;23151;145000;mox_AD9740EE1C191141E74FB46884CCDBA46D895EF7;;;;;;;;;;;;;;;
655;33;79.802.860-K;AUTOMOTRIZ PORTILLO S A;233501;27-02-2026;0;37815;7185;45000;mox_645CCE0F9A4842D549F44022449782B53E73E42E;;;;;;;;;;;;;;;
656;34;76.479.588-1;VIP CLASS S.A.;887;27-02-2026;1620000;0;0;1620000;mox_6FA3EE702D30005ED3693755A7C3E9DFB107D00D;;;;;;;;;;;;;;;
657;33;78.924.030-2;IMPLEMENTOS S.A.;1615471;27-02-2026;0;109879;20877;130756;mox_8012AF69EAF4ECCA68066E0B33C610A372F1BF15;;;;;;;;;;;;;;;
658;33;7.097.412-6;ANA JUSTINA VARAS CRUZ;4337;27-02-2026;0;2101;399;2500;mox_D05FCF36AE52906F85EC3B57E3FA03C4300B0684;;;;;;;;;;;;;;;
659;33;96.651.910-K;COMPASS CATERING S A;94579;27-02-2026;0;8661199;1645628;10306827;mox_1701310701B9970E10452C68A5C114EDD21465C9;;;;;;;;;;;;;;;
660;33;79.802.860-K;AUTOMOTRIZ PORTILLO S A;233503;27-02-2026;0;103342;19635;122977;mox_5B5CEB17312C2B0DB74D79CE88877BDE19ECC34F;;;;;;;;;;;;;;;
661;33;79.802.860-K;AUTOMOTRIZ PORTILLO S A;233505;27-02-2026;0;103342;19635;122977;mox_6E8DE1083F7A82A29E5509D45E94C89EDD9B282A;;;;;;;;;;;;;;;
662;33;79.802.860-K;AUTOMOTRIZ PORTILLO S A;233506;27-02-2026;0;121848;23151;144999;mox_CA0B1AFE8504791B16725CD49338361931AE5416;;;;;;;;;;;;;;;
663;33;78.924.030-2;IMPLEMENTOS S.A.;1625772;27-02-2026;0;195071;37063;232134;mox_C7BF4F4C7ACF72EDA7562EB4F816C723704E0449;;;;;;;;;;;;;;;
664;33;14.330.718-2;MARIO LORENZO FLORES HIDALGO;101;27-02-2026;0;97052;18440;115492;mox_6FAA6DE8843717DF12C7ED3BA9A6F182911CEEF4;;;;;;;;;;;;;;;
665;33;97.030.000-7;BANCO DEL ESTADO DE CHILE;4944963;27-02-2026;0;1578488;299913;1878401;mox_007FB1E81BF4BB25C47B65CDD0CE9B7E5AE07E18;;;;;;;;;;;;;;;
666;33;92.475.000-6;KAUFMANN S A VEHICULOS MOTORIZADOS;1534263;27-02-2026;0;2022670;384307;2406977;mox_8302D7DF1CE17D8DCCD585A827A0CC65FB892E67;;;;;;;;;;;;;;;
667;33;97.004.000-5;BANCO DE CHILE;23847585;27-02-2026;0;8585;1631;10216;mox_A6FCF4096066EA4C603D644B95633F1A0BDC9121;;;;;;;;;;;;;;;
668;33;76.129.788-0;SOCIEDAD COMERCIAL KATTY LIMITADA;6102;27-02-2026;0;44118;8383;52501;mox_410F1969C9ABF86A9C89681174AD5731153CEC85;;;;;;;;;;;;;;;
669;33;97.004.000-5;BANCO DE CHILE;23848911;27-02-2026;0;9650087;1833516;11483603;mox_9075D443901D111F0710691BBF8554F58EC7682E;;;;;;;;;;;;;;;
670;33;97.004.000-5;BANCO DE CHILE;23848914;27-02-2026;0;10243634;1946291;12189925;mox_8E825F07FD55DF56C060F7A81B9FA5E7FA9A19AA;;;;;;;;;;;;;;;
671;33;97.036.000-K;BANCO SANTANDER CHILE;27433143;27-02-2026;0;1689256;320959;2010215;mox_1EB377F6337F30B63BD44A3AB45D5C2FA2CD0F15;;;;;;;;;;;;;;;
672;33;97.036.000-K;BANCO SANTANDER CHILE;27445400;27-02-2026;0;21539;4092;25631;mox_6079F83B313601522A6E30FE7CC2EE5179C1196C;;;;;;;;;;;;;;;
673;33;97.030.000-7;BANCO DEL ESTADO DE CHILE;4945596;28-02-2026;0;3963892;753140;4717032;mox_3EDED38C0D10508322CEA874E5D7FF1A36202B9D;;;;;;;;;;;;;;;
674;33;97.030.000-7;BANCO DEL ESTADO DE CHILE;4945595;28-02-2026;0;3963892;753140;4717032;mox_0D37670502092017A8266F0A3238CD6F33E2ED47;;;;;;;;;;;;;;;
675;33;97.030.000-7;BANCO DEL ESTADO DE CHILE;4945599;28-02-2026;0;3414559;648766;4063325;mox_CCC4D1B6FEFD8E1790E23FB8AF2826F36CEEBB6A;;;;;;;;;;;;;;;
676;33;97.030.000-7;BANCO DEL ESTADO DE CHILE;4945598;28-02-2026;0;3581531;680491;4262022;mox_A411772011730E09F570DDBAEFEE3621AFBBA664;;;;;;;;;;;;;;;
677;33;97.030.000-7;BANCO DEL ESTADO DE CHILE;4945597;28-02-2026;0;3581531;680491;4262022;mox_F6F45C9F2ACF82A528F4E54C33C9612B00A7A263;;;;;;;;;;;;;;;
678;33;94.623.000-6;SODEXO CHILE S A;240023;28-02-2026;0;22662;4306;26968;mox_64B697D52F0C205B5A204BEB56503A8C49FAB263;;;;;;;;;;;;;;;
679;33;77.225.200-5;ARRENDADORA DE VEHICULOS SOCIEDAD ANONIMA;126862;28-02-2026;0;563782;107119;670901;mox_5BC1BB2F33EE0A00280FEF4DDBF0C984786BFF8B;;;;;;;;;;;;;;;
680;33;77.225.200-5;ARRENDADORA DE VEHICULOS SOCIEDAD ANONIMA;126863;28-02-2026;0;756556;143746;900302;mox_47D5FD4FF8269B06FDF52BCACD26BC8B450521F8;;;;;;;;;;;;;;;
681;33;11.728.016-0;MARIA VERONICA RAMIREZ RAMIREZ;7;28-02-2026;0;195469;37139;232608;mox_C3A21D3A384AA24D7BA2978776C13736B213793E;;;;;;;;;;;;;;;
682;33;5.389.940-4;MERCEDES AMELIA AMESTICA FIGUEROA;1160;28-02-2026;0;406890;77309;484199;mox_2C0E67CD6F60A7948E978A5F4959A587E5AE08B7;;;;;;;;;;;;;;;
683;33;76.139.803-2;CONSORCIO AEROPORTUARIO DE CALAMA S.A. SOCIEDAD CO;6667;28-02-2026;0;110000;20900;130900;mox_088A311F407B28748CB456EB4576E0EABA444395;;;;;;;;;;;;;;;
684;33;76.139.803-2;CONSORCIO AEROPORTUARIO DE CALAMA S.A. SOCIEDAD CO;6668;28-02-2026;0;376932;71617;448549;mox_70248A208AAEE1896621A1C030B1C2E93BAE51B3;;;;;;;;;;;;;;;
685;33;96.651.910-K;COMPASS CATERING S A;94822;28-02-2026;0;261343;49655;310998;mox_83F9E2BF05EABA1952FF7EA8710DB1D45914C03D;;;;;;;;;;;;;;;
686;33;96.651.910-K;COMPASS CATERING S A;94821;28-02-2026;0;517553;98335;615888;mox_91DD0EDDFF2DA25BDDD4E31FC4A533FCFDDD3DB0;;;;;;;;;;;;;;;
687;56;76.574.810-0;SCANIA FINANCE CHILE S.A.;48508;28-02-2026;0;48774;9267;58041;mox_85A8B15A0173D7185205C9E908557C70BC0F81E5;;;;;;;;;;;;;;;
688;56;76.574.810-0;SCANIA FINANCE CHILE S.A.;48491;28-02-2026;0;39982;7596;47578;mox_793C4C95A1A06131AFD6A627EE2E82FB44836121;;;;;;;;;;;;;;;
689;56;76.574.810-0;SCANIA FINANCE CHILE S.A.;48514;28-02-2026;0;48774;9267;58041;mox_40647F03F9243AA35C4BA27B30A5CDB71B34A221;;;;;;;;;;;;;;;
690;56;76.574.810-0;SCANIA FINANCE CHILE S.A.;48485;28-02-2026;0;20563;3907;24470;mox_06A1591C7663EBD469B0F4617872FA899F8B015B;;;;;;;;;;;;;;;
691;56;76.574.810-0;SCANIA FINANCE CHILE S.A.;48505;28-02-2026;0;48774;9267;58041;mox_19339A73722165098F3A269C5183455BF8A9FA89;;;;;;;;;;;;;;;
692;56;76.574.810-0;SCANIA FINANCE CHILE S.A.;48453;28-02-2026;0;16950;3221;20171;mox_6E8F3428F0AB9E738F8BA539094A37ADCC0C2F10;;;;;;;;;;;;;;;
693;56;76.574.810-0;SCANIA FINANCE CHILE S.A.;48539;28-02-2026;0;213361;40539;253900;mox_3B527FF8B68835E1633FB306F424E97FE822EC3B;;;;;;;;;;;;;;;
694;56;76.574.810-0;SCANIA FINANCE CHILE S.A.;48458;28-02-2026;0;16892;3209;20101;mox_09B55E945DD42A680FA7EF1C53E4C7D56FEC601A;;;;;;;;;;;;;;;
695;56;76.574.810-0;SCANIA FINANCE CHILE S.A.;48542;28-02-2026;0;152712;29015;181727;mox_1715CCA40FC9D024E7C00CF409E78078AC6EF1F8;;;;;;;;;;;;;;;
696;56;76.574.810-0;SCANIA FINANCE CHILE S.A.;48503;28-02-2026;0;48774;9267;58041;mox_EFE9213DEC9FC63BE97687DF4B8CBDDC08D89E68;;;;;;;;;;;;;;;
697;56;76.574.810-0;SCANIA FINANCE CHILE S.A.;48472;28-02-2026;0;10608;2016;12624;mox_A7DFD287EBB3653D480B1A350087BFE9025C5FC9;;;;;;;;;;;;;;;
698;56;76.574.810-0;SCANIA FINANCE CHILE S.A.;48486;28-02-2026;0;20563;3907;24470;mox_DED9E254F644728E08415659E81DFAC1DEDF9423;;;;;;;;;;;;;;;
699;56;76.574.810-0;SCANIA FINANCE CHILE S.A.;48575;28-02-2026;0;178407;33897;212304;mox_ABE5C62A7609F418B5BF79ACDE0C5ED8EC5E9768;;;;;;;;;;;;;;;
700;56;76.574.810-0;SCANIA FINANCE CHILE S.A.;48482;28-02-2026;0;20563;3907;24470;mox_75AA0623FAD60C16F8C507F56F8D4D4FDC4461DF;;;;;;;;;;;;;;;
701;56;76.574.810-0;SCANIA FINANCE CHILE S.A.;48568;28-02-2026;0;204472;38850;243322;mox_3748C8625136E66E330EF0223B856953FC6089E4;;;;;;;;;;;;;;;
702;56;76.574.810-0;SCANIA FINANCE CHILE S.A.;48543;28-02-2026;0;152712;29015;181727;mox_A9B2421756EEFF8ADD0B59FF98732F7DC298EB56;;;;;;;;;;;;;;;
703;56;76.574.810-0;SCANIA FINANCE CHILE S.A.;48538;28-02-2026;0;213361;40539;253900;mox_9C4730E554F3E5CC7C0D6160D505164E78315CDB;;;;;;;;;;;;;;;
704;56;76.574.810-0;SCANIA FINANCE CHILE S.A.;48480;28-02-2026;0;20563;3907;24470;mox_DE7BDFDB8562D8F607A65599A3B770D2609B3D16;;;;;;;;;;;;;;;
705;56;76.574.810-0;SCANIA FINANCE CHILE S.A.;48513;28-02-2026;0;48774;9267;58041;mox_7E62FC320D456994903E3ED6FA4F93CD3A9D8B25;;;;;;;;;;;;;;;
706;33;94.623.000-6;SODEXO CHILE S A;242301;28-02-2026;0;1050466;199589;1250055;mox_C2CAAA60F8EC878C704605F29DD58DE01F3316F2;;;;;;;;;;;;;;;
707;33;94.623.000-6;SODEXO CHILE S A;242335;28-02-2026;0;375585;71361;446946;mox_4ECEC561E1E989B2A389CACC930A777C93968C7E;;;;;;;;;;;;;;;
708;33;94.623.000-6;SODEXO CHILE S A;240119;28-02-2026;0;14527263;2760180;17287443;mox_E09D7CCF0EB18527573A07C11FD7941F2B9ECE6A;;;;;;;;;;;;;;;
709;56;76.574.810-0;SCANIA FINANCE CHILE S.A.;48479;28-02-2026;0;20563;3907;24470;mox_81142B81BBDB7050C49C39EB7BADB34EA97256AA;;;;;;;;;;;;;;;
710;56;76.574.810-0;SCANIA FINANCE CHILE S.A.;48455;28-02-2026;0;16892;3209;20101;mox_82D3482FC5AABE64D500A7359085CA1253BFD2CD;;;;;;;;;;;;;;;
711;56;76.574.810-0;SCANIA FINANCE CHILE S.A.;48456;28-02-2026;0;16892;3209;20101;mox_F2222A5AA31EEB77B6A7573C2149B26D505A271B;;;;;;;;;;;;;;;
712;56;76.574.810-0;SCANIA FINANCE CHILE S.A.;48552;28-02-2026;0;135984;25837;161821;mox_02AEC20DC85B22ED8E18739BB5A8D7A8884E034C;;;;;;;;;;;;;;;
713;56;76.574.810-0;SCANIA FINANCE CHILE S.A.;48574;28-02-2026;0;161565;30697;192262;mox_CC004C10D176499BD338E7298FDBCB5930A1C3A2;;;;;;;;;;;;;;;
714;56;76.574.810-0;SCANIA FINANCE CHILE S.A.;48490;28-02-2026;0;39982;7596;47578;mox_AFAE35F0A6128E402DF71EF1AC8DCF340D26CC68;;;;;;;;;;;;;;;
715;56;76.574.810-0;SCANIA FINANCE CHILE S.A.;48461;28-02-2026;0;28972;5505;34477;mox_D8F4D8CE43FE7A92D9E613B104218166C6D8E36B;;;;;;;;;;;;;;;
716;56;76.574.810-0;SCANIA FINANCE CHILE S.A.;48502;28-02-2026;0;48774;9267;58041;mox_403E5730C5AA593B2CCB565F913CFF1EB89B99D1;;;;;;;;;;;;;;;
717;56;76.574.810-0;SCANIA FINANCE CHILE S.A.;48450;28-02-2026;0;16851;3202;20053;mox_8C1D486F3303D60DE8E2A7E4361E1B9F5514461B;;;;;;;;;;;;;;;
718;33;94.623.000-6;SODEXO CHILE S A;242353;28-02-2026;0;30156;5730;35886;mox_C879EDF1398CE84CA0F5DB053B64ED8A3EE7022C;;;;;;;;;;;;;;;
719;56;76.574.810-0;SCANIA FINANCE CHILE S.A.;48459;28-02-2026;0;16892;3209;20101;mox_4E262C44CC6C6CF22DF266BBDAADF71998D87ED4;;;;;;;;;;;;;;;
720;56;76.574.810-0;SCANIA FINANCE CHILE S.A.;48515;28-02-2026;0;48774;9267;58041;mox_1ADD40C3824F62A3FF12D89C93EB0F0A6D45E124;;;;;;;;;;;;;;;
721;33;9.451.786-9;CARLOS HERNAN MONROY FUENTES;1184;28-02-2026;0;389000;73910;462910;mox_0FDF5EEE4329B4D74AA8EB22AFFE2C8A8431FFB7;;;;;;;;;;;;;;;
722;33;96.796.890-0;REVISIONES TECNICAS REVTEC S A;7918;28-02-2026;0;208740;39661;248401;mox_E5916974BB5F4E86A49D32FD5E1C77DFCE905BAF;;;;;;;;;;;;;;;
723;33;76.105.534-8;TAPIA Y TAPIA COMPANIA LIMITADA;909;28-02-2026;0;126051;23950;150001;mox_04E8727E439C185BEE0A953EB9AF10EE99CAA2E7;;;;;;;;;;;;;;;
724;56;76.574.810-0;SCANIA FINANCE CHILE S.A.;48493;28-02-2026;0;39982;7596;47578;mox_E4E18C510CF4AA760D153DB90F4312805D0CA6BF;;;;;;;;;;;;;;;
725;56;76.574.810-0;SCANIA FINANCE CHILE S.A.;48577;28-02-2026;0;178544;33923;212467;mox_9D1A2DFF4C0B88CD8B22D28622E594AF0C9DC66D;;;;;;;;;;;;;;;
726;56;76.574.810-0;SCANIA FINANCE CHILE S.A.;48499;28-02-2026;0;48774;9267;58041;mox_2DE6CB23A142536ECDCB3BD7FBF5693678CF1B79;;;;;;;;;;;;;;;
727;56;76.574.810-0;SCANIA FINANCE CHILE S.A.;48509;28-02-2026;0;48774;9267;58041;mox_AB5E6CD52D6472F2CA22E14E94092A3C12BE092A;;;;;;;;;;;;;;;
728;56;76.574.810-0;SCANIA FINANCE CHILE S.A.;48547;28-02-2026;0;100829;19157;119986;mox_7AF0B2C78319F2C3F2F1BEC6691E0792EC1905D5;;;;;;;;;;;;;;;
729;56;76.574.810-0;SCANIA FINANCE CHILE S.A.;48457;28-02-2026;0;16892;3209;20101;mox_18E86837C52E16ED732DBE38840B68FAAE53B46A;;;;;;;;;;;;;;;
730;56;76.574.810-0;SCANIA FINANCE CHILE S.A.;48462;28-02-2026;0;28990;5508;34498;mox_D25E18E6AF0A0376530702CA6600C05860E5FF41;;;;;;;;;;;;;;;
731;56;76.574.810-0;SCANIA FINANCE CHILE S.A.;48576;28-02-2026;0;161687;30720;192407;mox_6CFD601BB1C410BF414545A2129744312D0770CA;;;;;;;;;;;;;;;
732;56;76.574.810-0;SCANIA FINANCE CHILE S.A.;48541;28-02-2026;0;170707;32434;203141;mox_81068BEDABC804F0540B5020A69691649D90981A;;;;;;;;;;;;;;;
733;56;76.574.810-0;SCANIA FINANCE CHILE S.A.;48506;28-02-2026;0;48774;9267;58041;mox_C5BBB9CBC1306878701EEDFC623BEE087C374D7D;;;;;;;;;;;;;;;
734;56;76.574.810-0;SCANIA FINANCE CHILE S.A.;48507;28-02-2026;0;48774;9267;58041;mox_A011DDB410C0B01D5F6E60FD5117514EA88BB57A;;;;;;;;;;;;;;;
735;56;76.574.810-0;SCANIA FINANCE CHILE S.A.;48495;28-02-2026;0;39982;7596;47578;mox_BECAA75DCD9C4B50D1E9EF029E017C9265919C64;;;;;;;;;;;;;;;
736;56;76.574.810-0;SCANIA FINANCE CHILE S.A.;48483;28-02-2026;0;20563;3907;24470;mox_72DF8F02BD9D3FB634B6E8BAE353766CAA205777;;;;;;;;;;;;;;;
737;56;76.574.810-0;SCANIA FINANCE CHILE S.A.;48572;28-02-2026;0;161565;30697;192262;mox_DC0E6D5377CEEC111C8DF26545E85AD886808A3E;;;;;;;;;;;;;;;
738;56;76.574.810-0;SCANIA FINANCE CHILE S.A.;48571;28-02-2026;0;204472;38850;243322;mox_5527A521E692D6FA75EA524B543DE630C39AE23E;;;;;;;;;;;;;;;
739;56;76.574.810-0;SCANIA FINANCE CHILE S.A.;48474;28-02-2026;0;10608;2016;12624;mox_3A828157DC9411455F4C516AAE160C60364710F2;;;;;;;;;;;;;;;
740;56;76.574.810-0;SCANIA FINANCE CHILE S.A.;48579;28-02-2026;0;178544;33923;212467;mox_FC81E9BC3A6D520F1887E941EC37D9CA12E97362;;;;;;;;;;;;;;;
741;33;92.475.000-6;KAUFMANN S A VEHICULOS MOTORIZADOS;1534352;28-02-2026;0;2741245;520837;3262082;mox_33DF9834F23C6B77BA3DAE5789FF6A63D4CC15B7;;;;;;;;;;;;;;;
742;56;76.574.810-0;SCANIA FINANCE CHILE S.A.;48463;28-02-2026;0;28990;5508;34498;mox_01EC10D423A4BD4FD6F53CA567E96BB8FC12B0CD;;;;;;;;;;;;;;;
743;56;76.574.810-0;SCANIA FINANCE CHILE S.A.;48484;28-02-2026;0;20563;3907;24470;mox_27F8A2E2E2A57DF89B94877968CD066958781123;;;;;;;;;;;;;;;
744;56;76.574.810-0;SCANIA FINANCE CHILE S.A.;48477;28-02-2026;0;20563;3907;24470;mox_1EFC7525E560F0AFBFD0822FBE75FC07FA124109;;;;;;;;;;;;;;;
745;56;76.574.810-0;SCANIA FINANCE CHILE S.A.;48494;28-02-2026;0;39982;7596;47578;mox_E2A1CC98658409E0AD86CCFF073D69977F5E1E9E;;;;;;;;;;;;;;;
746;56;76.574.810-0;SCANIA FINANCE CHILE S.A.;48498;28-02-2026;0;48504;9216;57720;mox_56908A556047DED962B445E1EDCD0B4421752600;;;;;;;;;;;;;;;
747;56;76.574.810-0;SCANIA FINANCE CHILE S.A.;48511;28-02-2026;0;48774;9267;58041;mox_B8B0798DBDA58817B78F8C90A61D108C925BF393;;;;;;;;;;;;;;;
748;56;76.574.810-0;SCANIA FINANCE CHILE S.A.;48500;28-02-2026;0;48774;9267;58041;mox_426B75BE7EC0BC5D19B59F4E674941B9B982DCB5;;;;;;;;;;;;;;;
749;56;76.574.810-0;SCANIA FINANCE CHILE S.A.;48488;28-02-2026;0;39982;7596;47578;mox_C7B45FB54723266364770B32E2141AFD395DB606;;;;;;;;;;;;;;;
750;56;76.574.810-0;SCANIA FINANCE CHILE S.A.;48512;28-02-2026;0;48774;9267;58041;mox_2B70D50994795ECADE78D88B80269CA6D85F4C7D;;;;;;;;;;;;;;;
751;56;76.574.810-0;SCANIA FINANCE CHILE S.A.;48492;28-02-2026;0;39982;7596;47578;mox_C5ED95F02D7FC9FEA3E4970C2FCEC770A134B80B;;;;;;;;;;;;;;;
752;56;76.574.810-0;SCANIA FINANCE CHILE S.A.;48501;28-02-2026;0;48774;9267;58041;mox_ECE2C22653DB04500592ED75EA95047CAD435487;;;;;;;;;;;;;;;
753;56;76.574.810-0;SCANIA FINANCE CHILE S.A.;48553;28-02-2026;0;150160;28530;178690;mox_A18A9DECB2025DD2FCBDB184B313D86BFC840899;;;;;;;;;;;;;;;
754;56;76.574.810-0;SCANIA FINANCE CHILE S.A.;48497;28-02-2026;0;39982;7596;47578;mox_D50137A602576347005CC014B921EDAB46E17ED1;;;;;;;;;;;;;;;
755;33;96.824.110-9;DISAL CHILE SANITARIOS PORTABLES LIMITADA;664360;28-02-2026;0;75000;14250;89250;mox_7DBC3F483073A41EF170A85A56C510DE4C24543A;;;;;;;;;;;;;;;
756;33;96.824.110-9;DISAL CHILE SANITARIOS PORTABLES LIMITADA;664361;28-02-2026;0;75000;14250;89250;mox_8E3C5F7CC8196180EBE9BB3B2620BE5CC69DDE8C;;;;;;;;;;;;;;;
757;33;96.729.820-4;ECOSER S A;46893;28-02-2026;0;419342;79675;499017;mox_BD8614FD2C94AAEF2F058F1B0BE56F898E0159E2;;;;;;;;;;;;;;;
758;56;76.574.810-0;SCANIA FINANCE CHILE S.A.;48516;28-02-2026;0;48774;9267;58041;mox_5BF66E44EFE82D8065EC6A9EDAE59D0D5AD19D95;;;;;;;;;;;;;;;
759;33;76.779.790-7;GESTSOL GESTION Y SOLUCIONES TECNOLOGICAS S.A.;648;28-02-2026;0;6515535;1237952;7753487;mox_868E9A6F5D1063680F76985F3176197FFDF9B030;;;;;;;;;;;;;;;
760;56;76.574.810-0;SCANIA FINANCE CHILE S.A.;48540;28-02-2026;0;213361;40539;253900;mox_B2630BE56FBDBD2008967A0B889D646DF0AC5B35;;;;;;;;;;;;;;;
761;33;76.307.553-2;BK SPA;23620;28-02-2026;0;4621835;878149;5499984;mox_5F3137E0995E8D8ED2D4232A6B00A4CFEFACD1FA;;;;;;;;;;;;;;;
762;33;76.307.553-2;BK SPA;23622;28-02-2026;0;4899922;930985;5830907;mox_95F50677526FB3B944B8988C03B8518285D51EF7;;;;;;;;;;;;;;;
763;33;76.307.553-2;BK SPA;23619;28-02-2026;0;4621835;878149;5499984;mox_8400BCD490F9D6C09F07F7722278DD48510D8ACB;;;;;;;;;;;;;;;
764;33;76.307.553-2;BK SPA;23642;28-02-2026;0;7863998;1494160;9358158;mox_B9BCD3FC602192ACA5B3DA8778DE23F80C3E2599;;;;;;;;;;;;;;;
765;33;76.307.553-2;BK SPA;23617;28-02-2026;0;16076893;3054610;19131503;mox_36A692019264FA0D5AF9A8AFB3D49DD2D75BE1FD;;;;;;;;;;;;;;;
766;33;76.307.553-2;BK SPA;23621;28-02-2026;0;4899922;930985;5830907;mox_7C9B3262673388CC01E735234A53B0B29DD11767;;;;;;;;;;;;;;;
767;33;76.307.553-2;BK SPA;23643;28-02-2026;0;2311556;439196;2750752;mox_5FCB75BB9F6F89EF4956BDA80C191510042B3B59;;;;;;;;;;;;;;;
768;33;76.307.553-2;BK SPA;23640;28-02-2026;0;4901934;931367;5833301;mox_D5205E96C00D9E47B408771F7667BAB06D512B5A;;;;;;;;;;;;;;;
769;33;76.307.553-2;BK SPA;23618;28-02-2026;0;4621835;878149;5499984;mox_2F88A3FAB9503B1013FFAA7886178259D11AAE0C;;;;;;;;;;;;;;;
770;33;76.307.553-2;BK SPA;23641;28-02-2026;0;4901934;931367;5833301;mox_A3C6F7765C879D678B97A433E38AF7D0CD862BAB;;;;;;;;;;;;;;;
771;33;76.449.122-K;KUPAL INVERSIONES LIMITADA;34;28-02-2026;0;11403000;2166570;13569570;mox_5AB54E4767B2171706FE0F4DA1F92DFCB2D2E20C;;;;;;;;;;;;;;;
772;33;97.018.000-1;SCOTIABANK CHILE;5255202;28-02-2026;0;12500;2375;14875;mox_9988DCCEA143B7DC40A1E9940269429A92B47F61;;;;;;;;;;;;;;;
773;33;85.896.100-9;SERVICIOS EQUIFAX CHILE LIMITADA;1997760;28-02-2026;0;81579;15500;97079;mox_43585307C762E5BF8FC666EBC8A8E17750102890;;;;;;;;;;;;;;;
774;56;76.574.810-0;SCANIA FINANCE CHILE S.A.;48476;28-02-2026;0;10608;2016;12624;mox_4226B083DC56387309051D7C82F53F9A416F034B;;;;;;;;;;;;;;;
775;34;76.172.387-1;SOCIEDAD CONCESIONARIA VALLES DEL BIO BIO S.A;37294;28-02-2026;2792979;0;0;2792979;mox_534FC766DE3E6AE9C155DDADAF2EA03051A0F701;;;;;;;;;;;;;;;
776;56;76.574.810-0;SCANIA FINANCE CHILE S.A.;48451;28-02-2026;0;16950;3221;20171;mox_13ADFBBBB2A54ECF69D4CD90B54FD28DB1450303;;;;;;;;;;;;;;;
777;56;76.574.810-0;SCANIA FINANCE CHILE S.A.;48481;28-02-2026;0;20563;3907;24470;mox_135D9D2349076C9B7BF2D42AD37D57E71D5F722A;;;;;;;;;;;;;;;
778;56;76.574.810-0;SCANIA FINANCE CHILE S.A.;48478;28-02-2026;0;20563;3907;24470;mox_B72A0D957952E5EE21DA47A37CCB6502C3489C59;;;;;;;;;;;;;;;
779;56;76.574.810-0;SCANIA FINANCE CHILE S.A.;48489;28-02-2026;0;39982;7596;47578;mox_24176547F1804044FC1CD2B5E07537875F8E40E5;;;;;;;;;;;;;;;
780;34;96.875.230-8;RUTA DEL MAIPO SOCIEDAD CONCESIONARIA S.A.;2335710;28-02-2026;18393900;0;0;18393900;mox_4D4ADA051E9CA4EB1B668261D14C172DEB7D020A;;;;;;;;;;;;;;;
781;33;12.946.591-3;RUTH ESTER NAVEA ACEVEDO;60;28-02-2026;0;214956;40842;255798;mox_C2E7369DA4227ABFF1E980D243C617F9242A639A;;;;;;;;;;;;;;;
782;56;76.574.810-0;SCANIA FINANCE CHILE S.A.;48475;28-02-2026;0;10608;2016;12624;mox_A00D5945C629E840CDEF90B00AF473F4CCC1ECA3;;;;;;;;;;;;;;;
783;56;76.574.810-0;SCANIA FINANCE CHILE S.A.;48471;28-02-2026;0;10608;2016;12624;mox_8EADED62BEA04C91F823C183E604CEFAE032D367;;;;;;;;;;;;;;;
784;56;76.574.810-0;SCANIA FINANCE CHILE S.A.;48452;28-02-2026;0;16950;3221;20171;mox_25F44C4A336AEBE21E20286BF9BD7DB6C9D5A8FD;;;;;;;;;;;;;;;
785;33;78.128.610-9;SOC DE TRANSPORTES CHARRIOT LIMITADA;16599;28-02-2026;0;1971172;374522;2345694;mox_A7435C7FB0B895EE0C5ED03BD986B61CFA3CD448;;;;;;;;;;;;;;;
786;33;78.128.610-9;SOC DE TRANSPORTES CHARRIOT LIMITADA;16598;28-02-2026;0;761941;144769;906710;mox_6E957245E00725C9E04A92815E8A037B34006E08;;;;;;;;;;;;;;;
787;61;76.449.122-K;KUPAL INVERSIONES LIMITADA;4;28-02-2026;0;11403000;2166570;13569570;mox_D7F216F21DC01681994CEC408262A2DDF68D7059;;;;;;;;;;;;;;;
788;33;76.449.122-K;KUPAL INVERSIONES LIMITADA;35;28-02-2026;0;12153000;2309070;14462070;mox_D9D795721114305A005451E4205EE56C65B9DFEE;;;;;;;;;;;;;;;
789;61;76.008.745-9;SOCIEDAD COMERCIAL TRANSPORTES CEJAS CARRASCO SOCI;11;28-02-2026;0;215000;40850;255850;mox_988117293E0AD4E39BFFE8A16E0F0C1B2723619A;;;;;;;;;;;;;;;
790;33;76.008.745-9;SOCIEDAD COMERCIAL TRANSPORTES CEJAS CARRASCO SOCI;223;28-02-2026;0;55000;10450;65450;mox_1C0CFD3EFEA35EA6750DF3CF7DA1A0054C2001BA;;;;;;;;;;;;;;;
791;33;79.710.740-9;SOPORTE Y PROYECTOS EN COMPUTACION LIMITADA;25992;28-02-2026;0;96925;18416;115341;mox_044CC13F99EEB14B626A3851E726A9D2A60792B5;;;;;;;;;;;;;;;
792;61;76.703.624-8;SOCIEDAD COMERCIAL IMPORTADORA Y EXPORTADORA SAFET;66;28-02-2026;0;1025840;194910;1220750;mox_E2FEEC65C7EE4D31831B0BD31888981A903CD2F8;;;;;;;;;;;;;;;
793;33;79.710.740-9;SOPORTE Y PROYECTOS EN COMPUTACION LIMITADA;26002;28-02-2026;0;98810;18774;117584;mox_09D0DE3726FFF94FCB7060794DF5DECDA9FFC110;;;;;;;;;;;;;;;
794;33;79.710.740-9;SOPORTE Y PROYECTOS EN COMPUTACION LIMITADA;26014;28-02-2026;0;176081;33455;209536;mox_9FD1F5C89EBBBC5695CD7F1AF5AE85A0FA0812C6;;;;;;;;;;;;;;;
795;33;79.710.740-9;SOPORTE Y PROYECTOS EN COMPUTACION LIMITADA;26001;28-02-2026;0;53847;10231;64078;mox_C50A22E9E205AB1CAC1D9F91CB36CB0DA235B0E4;;;;;;;;;;;;;;;
796;33;79.710.740-9;SOPORTE Y PROYECTOS EN COMPUTACION LIMITADA;26004;28-02-2026;0;357008;67832;424840;mox_307C74D7B982F3B63B9C42FB4DAA499E82FFECF5;;;;;;;;;;;;;;;
797;33;7.179.152-1;AMALIA DEL CARMEN ESTOLAZA FERNANDEZ;592;28-02-2026;0;369751;70253;440004;mox_F0B0C17A7570242AF2E7893167728B542B51E320;;;;;;;;;;;;;;;
798;33;70.001.250-6;FED GRE NAC DE BUSES DEL TRANS DE PASAJ RUR INT IN;116266;28-02-2026;0;1407032;267336;1674368;mox_A4A29A02B0DEDA0F8FBD97ED644BC2F3DB42720E;;;;;;;;;;;;;;;
799;33;78.924.030-2;IMPLEMENTOS S.A.;1625839;28-02-2026;0;15101;2869;17970;mox_682139D52207A751621A2015F7B0C8DF5A1B9418;;;;;;;;;;;;;;;
800;33;76.703.624-8;SOCIEDAD COMERCIAL IMPORTADORA Y EXPORTADORA SAFET;778;28-02-2026;0;202800;38532;241332;mox_1D6CCD6092986E50EEFAA94F8B3DDE403220FBDF;;;;;;;;;;;;;;;
801;33;79.710.740-9;SOPORTE Y PROYECTOS EN COMPUTACION LIMITADA;26051;28-02-2026;0;28001;5320;33321;mox_ADF89D35664358EAC4691864A3B0E38313B82446;;;;;;;;;;;;;;;
802;33;76.703.624-8;SOCIEDAD COMERCIAL IMPORTADORA Y EXPORTADORA SAFET;779;28-02-2026;0;202600;38494;241094;mox_53C31864BCF89A9593E2C4636F38265350943C87;;;;;;;;;;;;;;;
803;33;76.703.624-8;SOCIEDAD COMERCIAL IMPORTADORA Y EXPORTADORA SAFET;780;28-02-2026;0;113050;21480;134530;mox_7226E8D5446EBE86BB33983102C51BAFD7711E8A;;;;;;;;;;;;;;;
804;34;76.432.648-2;SERTRAN S.A.;310;28-02-2026;13433854;0;0;13433854;mox_B9E43F3E1662E2371E8743FE8FE8B566B7BA8092;;;;;;;;;;;;;;;
805;33;76.703.624-8;SOCIEDAD COMERCIAL IMPORTADORA Y EXPORTADORA SAFET;782;28-02-2026;0;637410;121108;758518;mox_AD8AB7BEC912229809A3480D41F4F58DA6155636;;;;;;;;;;;;;;;
806;33;76.703.624-8;SOCIEDAD COMERCIAL IMPORTADORA Y EXPORTADORA SAFET;783;28-02-2026;0;85570;16258;101828;mox_B513988DD81C4D3E08A381EF6F635BE3CAE1624F;;;;;;;;;;;;;;;
807;33;79.710.740-9;SOPORTE Y PROYECTOS EN COMPUTACION LIMITADA;26109;28-02-2026;0;257940;49009;306949;mox_8EF7CED4759AC204703194171AF096532312609B;;;;;;;;;;;;;;;
808;33;76.268.853-0;AVALOS STAR VAMA LIMITADA;163;28-02-2026;0;148800;28272;177072;mox_139834629092D477DEBA03FAC7E5C31B7406016C;;;;;;;;;;;;;;;
809;33;76.703.624-8;SOCIEDAD COMERCIAL IMPORTADORA Y EXPORTADORA SAFET;787;28-02-2026;0;341820;64946;406766;mox_A70973D36D613CABAE968B014E821BA2B6C05CA2;;;;;;;;;;;;;;;
810;33;13.539.951-5;ROGER HERNAN VEGA MATUS;11605;28-02-2026;0;504960;95942;600902;mox_43998A1FA5C5CE3436D722D3B96D77C34744F255;;;;;;;;;;;;;;;
811;33;76.703.624-8;SOCIEDAD COMERCIAL IMPORTADORA Y EXPORTADORA SAFET;789;28-02-2026;0;2205290;419005;2624295;mox_71045551F7D4ECCCDBAA10EDFCF5CDAE943819F3;;;;;;;;;;;;;;;
812;33;76.703.624-8;SOCIEDAD COMERCIAL IMPORTADORA Y EXPORTADORA SAFET;790;28-02-2026;0;253110;48091;301201;mox_B8F7633118F3669DA025BBEA948A7742CDB58070;;;;;;;;;;;;;;;
813;33;76.703.624-8;SOCIEDAD COMERCIAL IMPORTADORA Y EXPORTADORA SAFET;791;28-02-2026;0;1160340;220465;1380805;mox_2AC2F8E81C23F6974F4B7D61945BE2DAB015AE1C;;;;;;;;;;;;;;;
814;33;76.703.624-8;SOCIEDAD COMERCIAL IMPORTADORA Y EXPORTADORA SAFET;793;28-02-2026;0;461790;87740;549530;mox_682FAD653680DD6DFDFA5DBE9984ECB9A777E258;;;;;;;;;;;;;;;
815;33;61.704.000-K;CORP NACIONAL DEL COBRE DE CHILE;1004731;28-02-2026;0;239373;45481;284854;mox_9CFBCAA7C06F7F094015FD5CCC7A466772EFD446;;;;;;;;;;;;;;;
816;33;76.703.624-8;SOCIEDAD COMERCIAL IMPORTADORA Y EXPORTADORA SAFET;794;28-02-2026;0;425000;80750;505750;mox_195FC00A22E6C84BEF7C8CCECB9B2009686C471E;;;;;;;;;;;;;;;
817;34;61.704.000-K;CORP NACIONAL DEL COBRE DE CHILE;1001383;28-02-2026;963866;0;0;963866;mox_D0B4CB4D4B08B496F5E3E991244CD8B7EA850AE2;;;;;;;;;;;;;;;
818;33;76.703.624-8;SOCIEDAD COMERCIAL IMPORTADORA Y EXPORTADORA SAFET;796;28-02-2026;0;92220;17522;109742;mox_657CF99490D6BEAF938D8C4C286D22F697B21578;;;;;;;;;;;;;;;
819;33;76.703.624-8;SOCIEDAD COMERCIAL IMPORTADORA Y EXPORTADORA SAFET;797;28-02-2026;0;259980;49396;309376;mox_4BA3230BCEFC59A02C4C98BC8868C426CFC30C48;;;;;;;;;;;;;;;
820;33;76.703.624-8;SOCIEDAD COMERCIAL IMPORTADORA Y EXPORTADORA SAFET;798;28-02-2026;0;445500;84645;530145;mox_3482AD6224C81A5404D6A66DCAC762B5B04BFF72;;;;;;;;;;;;;;;
821;33;76.703.624-8;SOCIEDAD COMERCIAL IMPORTADORA Y EXPORTADORA SAFET;800;28-02-2026;0;171920;32665;204585;mox_91BD4E0D3B4D739ACDBF375BE7875A87548D64F9;;;;;;;;;;;;;;;
822;33;76.703.624-8;SOCIEDAD COMERCIAL IMPORTADORA Y EXPORTADORA SAFET;799;28-02-2026;0;33000;6270;39270;mox_3DD1B1C7BB2C3DAE2CC181EE7077F2B40EC2E512;;;;;;;;;;;;;;;
823;33;76.703.624-8;SOCIEDAD COMERCIAL IMPORTADORA Y EXPORTADORA SAFET;801;28-02-2026;0;31520;5989;37509;mox_8F4C0C6E0E0F15F863982D87350953E07042B22D;;;;;;;;;;;;;;;
824;33;96.912.590-0;TANNER LEASING S.A.;305957;28-02-2026;0;3202778;608528;3811306;mox_2AAFEC348A4CD8CB6C3F0DF7348627C4CCD6980C;;;;;;;;;;;;;;;
825;33;76.703.624-8;SOCIEDAD COMERCIAL IMPORTADORA Y EXPORTADORA SAFET;803;28-02-2026;0;788000;149720;937720;mox_9769DD56FEB429F4446FB2B28876A2D89688A8FC;;;;;;;;;;;;;;;
826;33;76.703.624-8;SOCIEDAD COMERCIAL IMPORTADORA Y EXPORTADORA SAFET;804;28-02-2026;0;312570;59388;371958;mox_E0E059B353EC26E28C38777E26877CCA93082F5F;;;;;;;;;;;;;;;
827;33;76.703.624-8;SOCIEDAD COMERCIAL IMPORTADORA Y EXPORTADORA SAFET;805;28-02-2026;0;45310;8609;53919;mox_AA16EBF15C2F8B8023E53B6F58D978DFF73ECA0A;;;;;;;;;;;;;;;
828;33;96.912.590-0;TANNER LEASING S.A.;305958;28-02-2026;0;3202778;608528;3811306;mox_E912DA8FF3E6CB0BDE75D60C470C4C52BEE7A335;;;;;;;;;;;;;;;
829;33;96.912.590-0;TANNER LEASING S.A.;305952;28-02-2026;0;3202778;608528;3811306;mox_A51439B04E8C1990600AAC84E567580B1F8FA54B;;;;;;;;;;;;;;;
830;33;76.703.624-8;SOCIEDAD COMERCIAL IMPORTADORA Y EXPORTADORA SAFET;806;28-02-2026;0;2020980;383986;2404966;mox_59F43CBE647B62E7A6891E2A45C10D2356A08B47;;;;;;;;;;;;;;;
831;33;96.912.590-0;TANNER LEASING S.A.;305953;28-02-2026;0;3202778;608528;3811306;mox_B2A8EDDA3EF3E98A8939A82BA4CD838665034228;;;;;;;;;;;;;;;
832;33;96.912.590-0;TANNER LEASING S.A.;305956;28-02-2026;0;3202778;608528;3811306;mox_006F7DCA188D3F95CD0E8202055FED03FF2215F4;;;;;;;;;;;;;;;
833;33;96.912.590-0;TANNER LEASING S.A.;305951;28-02-2026;0;3202778;608528;3811306;mox_994A4C3BE5C56E4479396668501CD21DFD2C7CA2;;;;;;;;;;;;;;;
834;33;96.912.590-0;TANNER LEASING S.A.;305959;28-02-2026;0;3202778;608528;3811306;mox_0E6ABD6CE8EA4F9A6EC04395CCED83FC1828D5E3;;;;;;;;;;;;;;;
835;33;96.912.590-0;TANNER LEASING S.A.;305954;28-02-2026;0;3202778;608528;3811306;mox_18DE68439DEF7C55017C20EB23F60272DAE55607;;;;;;;;;;;;;;;
836;33;96.912.590-0;TANNER LEASING S.A.;305955;28-02-2026;0;3202778;608528;3811306;mox_00C47DACFB706A563BE024B8FF9BA35DAC8F396B;;;;;;;;;;;;;;;
837;33;96.912.590-0;TANNER LEASING S.A.;305960;28-02-2026;0;3202778;608528;3811306;mox_E764DFD699F89DBCAA7964A6518AF7E29B0A2754;;;;;;;;;;;;;;;
838;33;76.703.624-8;SOCIEDAD COMERCIAL IMPORTADORA Y EXPORTADORA SAFET;807;28-02-2026;0;4256600;808754;5065354;mox_2B82EEDDC0FC3338FE01198027E8F2178BE322A5;;;;;;;;;;;;;;;
839;33;76.703.624-8;SOCIEDAD COMERCIAL IMPORTADORA Y EXPORTADORA SAFET;808;28-02-2026;0;3289050;624920;3913970;mox_1F2AC7F03D7A44F9D81D6C166243AA6FA6514277;;;;;;;;;;;;;;;
840;33;76.703.624-8;SOCIEDAD COMERCIAL IMPORTADORA Y EXPORTADORA SAFET;809;28-02-2026;0;295920;56225;352145;mox_095A91622B1E82A5089ADC1FE812AE0CCCA359B4;;;;;;;;;;;;;;;
841;33;76.703.624-8;SOCIEDAD COMERCIAL IMPORTADORA Y EXPORTADORA SAFET;810;28-02-2026;0;235480;44741;280221;mox_E2AD590A96CCE06184525EB31A14D4908519F65D;;;;;;;;;;;;;;;
842;33;76.919.800-8;TECNOLOGIA Y SEGURIDAD SBS CHILE LTDA;1565;28-02-2026;0;6210000;1179900;7389900;mox_8A80872B9DAA5135DB01730C7D03695951829134;;;;;;;;;;;;;;;
843;33;76.150.707-9;SERVICIOS CLEANFOSAS LIMITADA;1355;28-02-2026;0;450000;85500;535500;mox_28AC36D37C383D2871E7A5C777867F603EA01F96;;;;;;;;;;;;;;;
844;33;76.703.624-8;SOCIEDAD COMERCIAL IMPORTADORA Y EXPORTADORA SAFET;814;28-02-2026;0;276400;52516;328916;mox_F70DAF9E9814DEBA15E5998131BEDE44E44202CC;;;;;;;;;;;;;;;
845;33;76.703.624-8;SOCIEDAD COMERCIAL IMPORTADORA Y EXPORTADORA SAFET;815;28-02-2026;0;726700;138073;864773;mox_D579C0FF98F303C5A034E26BD6E1E9F73E6F2AAC;;;;;;;;;;;;;;;
846;33;77.230.710-1;COMERCIAL CABALTECA LTDA;41576;28-02-2026;0;247703;47064;294767;mox_86E98DDF18E19E9969E39811CE9D2E3B22B0EF85;;;;;;;;;;;;;;;
847;33;76.353.326-3;GESTION DE RESIDUOS INDUSTRIALES LIMITADA;4452;28-02-2026;0;104594;19873;124467;mox_920B9D0BEE864253D5A51D98B447ADFB04B1EA77;;;;;;;;;;;;;;;
848;33;96.716.060-1;CANON CHILE S A;2380752;28-02-2026;0;1328559;252426;1580985;mox_6B89EC28B801EA02D9C966CBDF561509954A4169;;;;;;;;;;;;;;;
849;33;76.497.435-2;ESAP SPA;731;28-02-2026;0;450000;85500;535500;mox_45F92316AFC92E528A2DBCE85B0AFA85BE0DBC80;;;;;;;;;;;;;;;
850;33;76.497.435-2;ESAP SPA;729;28-02-2026;0;300000;57000;357000;mox_4C5DB6AAB235ACDE6F446FCCDB82FEDD719998F5;;;;;;;;;;;;;;;
851;33;76.497.435-2;ESAP SPA;730;28-02-2026;0;300000;57000;357000;mox_5AD7FB245A76EE89C309456624B4734656430F1A;;;;;;;;;;;;;;;
852;33;76.497.435-2;ESAP SPA;732;28-02-2026;0;300000;57000;357000;mox_29E5B902F86D8148E6D45421EEBE6D986C52CDB6;;;;;;;;;;;;;;;
853;33;76.284.920-8;VOLVO CHILE SPA;372648;28-02-2026;0;12414;2359;14773;mox_D296F502FA6E07E59CBAF09BADBC9D36FBC459BA;;;;;;;;;;;;;;;
854;33;94.623.000-6;SODEXO CHILE S A;237980;28-02-2026;0;2789205;529949;3319154;mox_0140F5BAADD4612D9C8006CFA0A095714F29C0BA;;;;;;;;;;;;;;;
855;34;76.304.900-0;SOCIEDAD ESCUELA DE CONDUCTORES CORDILLERA LIMITAD;1590;28-02-2026;1140000;0;0;1140000;mox_C41E3CFBD351DA52D098DED9A5FF4FB468E9331A;;;;;;;;;;;;;;;
856;61;76.304.900-0;SOCIEDAD ESCUELA DE CONDUCTORES CORDILLERA LIMITAD;1208;28-02-2026;1140000;0;0;1140000;mox_76429E34D1E55EC9FCA676E4A6B3C598FCD2A00A;;;;;;;;;;;;;;;
857;33;76.441.560-4;WISETRACK CHILE S A;26183;28-02-2026;0;12378127;2351844;14729971;mox_E08692CD2EC605A9A7093DB4D13583DF2DF17657;;;;;;;;;;;;;;;
858;33;76.441.560-4;WISETRACK CHILE S A;26182;28-02-2026;0;514769;97806;612575;mox_9F33EE2DDCDD87EE499043086A2D9C054884FB3B;;;;;;;;;;;;;;;
859;33;79.802.860-K;AUTOMOTRIZ PORTILLO S A;234992;28-02-2026;0;188765;35865;224630;mox_213BEE29C85F7F33828939167BC03C95ED8E3FEB;;;;;;;;;;;;;;;
860;33;61.704.000-K;CORP NACIONAL DEL COBRE DE CHILE;1004750;28-02-2026;0;30960;5882;36842;mox_EFED1D122B70452A312BC701C7CE496E29B1CE46;;;;;;;;;;;;;;;
861;33;76.657.203-0;CENTENARIO SPA;38;28-02-2026;0;1254450;238346;1492796;mox_12ACB3CC01B768B211B4584603F1F167FB901A35;;;;;;;;;;;;;;;
862;33;96.727.880-7;SERVICIOS TECNICOS MOTRICES S A;3792;28-02-2026;0;945388;179624;1125012;mox_18F07BE059D11F6B0A2A7DC1952659E3EDC18DDB;;;;;;;;;;;;;;;